loss,grad_norm,learning_rate,epoch,step,eval_loss,eval_bleu,eval_chrf,eval_runtime,eval_samples_per_second,eval_steps_per_second,train_runtime,train_samples_per_second,train_steps_per_second,total_flos,train_loss
5.728331756591797,1.841294765472412,4.991083998122947e-05,0.009385265133740028,20,,,,,,,,,,,
4.781239318847656,1.4103891849517822,4.981698732989207e-05,0.018770530267480056,40,,,,,,,,,,,
4.536876678466797,1.5291589498519897,4.972313467855467e-05,0.028155795401220086,60,,,,,,,,,,,
4.458335876464844,1.568415641784668,4.962928202721727e-05,0.03754106053496011,80,,,,,,,,,,,
4.2559257507324215,1.4039671421051025,4.953542937587987e-05,0.04692632566870014,100,,,,,,,,,,,
4.2387939453125,1.5615352392196655,4.944157672454247e-05,0.05631159080244017,120,,,,,,,,,,,
4.284209823608398,1.4381277561187744,4.934772407320507e-05,0.0656968559361802,140,,,,,,,,,,,
4.162292861938477,1.4823237657546997,4.925387142186767e-05,0.07508212106992022,160,,,,,,,,,,,
4.041675567626953,1.334307312965393,4.916001877053027e-05,0.08446738620366025,180,,,,,,,,,,,
4.102455902099609,1.3597915172576904,4.906616611919287e-05,0.09385265133740028,200,,,,,,,,,,,
3.983176040649414,1.3967761993408203,4.897231346785547e-05,0.1032379164711403,220,,,,,,,,,,,
3.9844715118408205,1.213675856590271,4.887846081651807e-05,0.11262318160488034,240,,,,,,,,,,,
4.026681518554687,1.277694821357727,4.878460816518067e-05,0.12200844673862037,260,,,,,,,,,,,
3.9781719207763673,1.3520245552062988,4.869075551384327e-05,0.1313937118723604,280,,,,,,,,,,,
3.9319908142089846,1.351931095123291,4.859690286250587e-05,0.14077897700610043,300,,,,,,,,,,,
3.8659366607666015,1.1759346723556519,4.850305021116847e-05,0.15016424213984045,320,,,,,,,,,,,
3.8531814575195313,1.4093855619430542,4.840919755983107e-05,0.15954950727358047,340,,,,,,,,,,,
3.8552303314208984,1.3495969772338867,4.8315344908493666e-05,0.1689347724073205,360,,,,,,,,,,,
3.857794189453125,1.3307722806930542,4.8221492257156266e-05,0.17832003754106054,380,,,,,,,,,,,
3.821955108642578,1.2801406383514404,4.812763960581887e-05,0.18770530267480057,400,,,,,,,,,,,
3.805652618408203,1.1914513111114502,4.803378695448147e-05,0.1970905678085406,420,,,,,,,,,,,
3.867256927490234,1.1715573072433472,4.793993430314407e-05,0.2064758329422806,440,,,,,,,,,,,
3.758021926879883,1.2250603437423706,4.784608165180667e-05,0.21586109807602064,460,,,,,,,,,,,
3.841230010986328,1.2834441661834717,4.775222900046927e-05,0.22524636320976069,480,,,,,,,,,,,
3.7535331726074217,1.3904591798782349,4.765837634913187e-05,0.2346316283435007,500,,,,,,,,,,,
3.7601417541503905,1.4850558042526245,4.756452369779447e-05,0.24401689347724073,520,,,,,,,,,,,
3.7517250061035154,1.3574481010437012,4.747067104645707e-05,0.25340215861098075,540,,,,,,,,,,,
3.7124134063720704,1.2349404096603394,4.7376818395119666e-05,0.2627874237447208,560,,,,,,,,,,,
3.7458141326904295,1.2656038999557495,4.7282965743782266e-05,0.2721726888784608,580,,,,,,,,,,,
3.6646514892578126,1.415644645690918,4.7189113092444865e-05,0.28155795401220085,600,,,,,,,,,,,
3.5957416534423827,1.3821215629577637,4.7095260441107464e-05,0.29094321914594085,620,,,,,,,,,,,
3.6642433166503907,1.2002650499343872,4.7001407789770064e-05,0.3003284842796809,640,,,,,,,,,,,
3.7207813262939453,1.3206545114517212,4.690755513843266e-05,0.30971374941342095,660,,,,,,,,,,,
3.6816478729248048,1.2337995767593384,4.681370248709526e-05,0.31909901454716094,680,,,,,,,,,,,
3.5797397613525392,1.2633306980133057,4.671984983575786e-05,0.328484279680901,700,,,,,,,,,,,
3.679063415527344,1.2306724786758423,4.662599718442046e-05,0.337869544814641,720,,,,,,,,,,,
3.616123580932617,1.2882697582244873,4.653214453308306e-05,0.34725480994838104,740,,,,,,,,,,,
3.5987617492675783,1.306732416152954,4.643829188174566e-05,0.3566400750821211,760,,,,,,,,,,,
3.598162078857422,1.3638145923614502,4.634443923040826e-05,0.3660253402158611,780,,,,,,,,,,,
3.5388160705566407,1.3007757663726807,4.625058657907086e-05,0.37541060534960113,800,,,,,,,,,,,
3.568562698364258,1.508374810218811,4.615673392773346e-05,0.38479587048334113,820,,,,,,,,,,,
3.5939273834228516,1.3032660484313965,4.606288127639606e-05,0.3941811356170812,840,,,,,,,,,,,
3.6221046447753906,1.1671737432479858,4.5969028625058656e-05,0.40356640075082123,860,,,,,,,,,,,
3.5336063385009764,1.278861165046692,4.5875175973721255e-05,0.4129516658845612,880,,,,,,,,,,,
3.537310791015625,1.369470238685608,4.578132332238386e-05,0.4223369310183013,900,,,,,,,,,,,
3.5199043273925783,1.2157026529312134,4.568747067104646e-05,0.43172219615204127,920,,,,,,,,,,,
3.588786315917969,1.2701709270477295,4.559361801970906e-05,0.4411074612857813,940,,,,,,,,,,,
3.514154052734375,1.189184308052063,4.549976536837166e-05,0.45049272641952137,960,,,,,,,,,,,
3.5454761505126955,1.2899724245071411,4.540591271703426e-05,0.45987799155326137,980,,,,,,,,,,,
3.5977062225341796,1.1894235610961914,4.531206006569686e-05,0.4692632566870014,1000,,,,,,,,,,,
3.497924041748047,1.2238129377365112,4.521820741435946e-05,0.4786485218207414,1020,,,,,,,,,,,
3.5124717712402345,1.260057806968689,4.5124354763022057e-05,0.48803378695448146,1040,,,,,,,,,,,
3.5266815185546876,1.28887939453125,4.5030502111684656e-05,0.4974190520882215,1060,,,,,,,,,,,
3.5379337310791015,1.164351463317871,4.4936649460347255e-05,0.5068043172219615,1080,,,,,,,,,,,
3.5070751190185545,1.2203601598739624,4.4842796809009854e-05,0.5161895823557016,1100,,,,,,,,,,,
3.4171516418457033,1.198683500289917,4.4748944157672454e-05,0.5255748474894416,1120,,,,,,,,,,,
3.4560802459716795,1.0914018154144287,4.465509150633505e-05,0.5349601126231815,1140,,,,,,,,,,,
3.4796016693115233,1.25155508518219,4.456123885499765e-05,0.5443453777569216,1160,,,,,,,,,,,
3.474203872680664,1.2337172031402588,4.446738620366025e-05,0.5537306428906617,1180,,,,,,,,,,,
3.4304435729980467,1.2093061208724976,4.437353355232286e-05,0.5631159080244017,1200,,,,,,,,,,,
3.464704895019531,1.2277618646621704,4.427968090098546e-05,0.5725011731581418,1220,,,,,,,,,,,
3.403961944580078,1.2852362394332886,4.4185828249648056e-05,0.5818864382918817,1240,,,,,,,,,,,
3.4465396881103514,1.1749286651611328,4.4091975598310656e-05,0.5912717034256217,1260,,,,,,,,,,,
3.435578155517578,1.40553617477417,4.3998122946973255e-05,0.6006569685593618,1280,,,,,,,,,,,
3.37264404296875,1.3377501964569092,4.3904270295635854e-05,0.6100422336931018,1300,,,,,,,,,,,
3.404244613647461,1.3059195280075073,4.3810417644298454e-05,0.6194274988268419,1320,,,,,,,,,,,
3.4455825805664064,1.2478711605072021,4.371656499296105e-05,0.6288127639605818,1340,,,,,,,,,,,
3.400724411010742,1.2101417779922485,4.362271234162365e-05,0.6381980290943219,1360,,,,,,,,,,,
3.3910537719726563,1.0869858264923096,4.352885969028625e-05,0.6475832942280619,1380,,,,,,,,,,,
3.4085731506347656,1.1392043828964233,4.343500703894886e-05,0.656968559361802,1400,,,,,,,,,,,
3.5166954040527343,1.179640293121338,4.334115438761146e-05,0.666353824495542,1420,,,,,,,,,,,
3.3907546997070312,1.168470859527588,4.3247301736274056e-05,0.675739089629282,1440,,,,,,,,,,,
3.3840797424316404,1.2718294858932495,4.3153449084936656e-05,0.685124354763022,1460,,,,,,,,,,,
3.424795913696289,1.15142822265625,4.3059596433599255e-05,0.6945096198967621,1480,,,,,,,,,,,
3.450084686279297,1.1652696132659912,4.2965743782261854e-05,0.7038948850305021,1500,,,,,,,,,,,
3.4349594116210938,1.251210331916809,4.2871891130924454e-05,0.7132801501642422,1520,,,,,,,,,,,
3.4247318267822267,1.3003464937210083,4.277803847958705e-05,0.7226654152979821,1540,,,,,,,,,,,
3.3675106048583983,1.0586559772491455,4.268418582824965e-05,0.7320506804317222,1560,,,,,,,,,,,
3.319327545166016,1.2660465240478516,4.259033317691225e-05,0.7414359455654622,1580,,,,,,,,,,,
3.3965988159179688,1.3932501077651978,4.249648052557485e-05,0.7508212106992023,1600,,,,,,,,,,,
3.436177444458008,1.320866584777832,4.240262787423745e-05,0.7602064758329423,1620,,,,,,,,,,,
3.3686126708984374,1.3211535215377808,4.230877522290005e-05,0.7695917409666823,1640,,,,,,,,,,,
3.4402545928955077,1.1900664567947388,4.221492257156265e-05,0.7789770061004223,1660,,,,,,,,,,,
3.2896617889404296,1.0865620374679565,4.212106992022525e-05,0.7883622712341624,1680,,,,,,,,,,,
3.3619003295898438,1.1403913497924805,4.202721726888785e-05,0.7977475363679024,1700,,,,,,,,,,,
3.3196414947509765,1.3224098682403564,4.193336461755045e-05,0.8071328015016425,1720,,,,,,,,,,,
3.3515274047851564,1.2016545534133911,4.1839511966213046e-05,0.8165180666353824,1740,,,,,,,,,,,
3.3580718994140626,1.1671926975250244,4.1745659314875645e-05,0.8259033317691225,1760,,,,,,,,,,,
3.3398651123046874,1.3106495141983032,4.1651806663538245e-05,0.8352885969028625,1780,,,,,,,,,,,
3.3329235076904298,1.2560224533081055,4.1557954012200844e-05,0.8446738620366026,1800,,,,,,,,,,,
3.364022445678711,1.2379826307296753,4.146410136086344e-05,0.8540591271703426,1820,,,,,,,,,,,
3.3303977966308596,1.4934537410736084,4.137024870952604e-05,0.8634443923040825,1840,,,,,,,,,,,
3.2715087890625,1.2788264751434326,4.127639605818864e-05,0.8728296574378226,1860,,,,,,,,,,,
3.337491989135742,1.3427435159683228,4.118254340685124e-05,0.8822149225715626,1880,,,,,,,,,,,
3.2568485260009767,1.2845838069915771,4.108869075551385e-05,0.8916001877053027,1900,,,,,,,,,,,
3.3003944396972655,1.2877304553985596,4.0994838104176447e-05,0.9009854528390427,1920,,,,,,,,,,,
3.3174339294433595,1.1809266805648804,4.0900985452839046e-05,0.9103707179727827,1940,,,,,,,,,,,
3.2961151123046877,1.359639286994934,4.0807132801501645e-05,0.9197559831065227,1960,,,,,,,,,,,
3.3113323211669923,1.0899834632873535,4.0713280150164244e-05,0.9291412482402628,1980,,,,,,,,,,,
3.275156784057617,1.288159728050232,4.0619427498826844e-05,0.9385265133740028,2000,,,,,,,,,,,
3.3007484436035157,1.060794472694397,4.052557484748944e-05,0.9479117785077429,2020,,,,,,,,,,,
3.247066879272461,1.0592573881149292,4.043172219615204e-05,0.9572970436414828,2040,,,,,,,,,,,
3.2776325225830076,1.2597328424453735,4.033786954481464e-05,0.9666823087752229,2060,,,,,,,,,,,
3.2784576416015625,1.291592001914978,4.024401689347724e-05,0.9760675739089629,2080,,,,,,,,,,,
3.2815757751464845,1.3907498121261597,4.015016424213984e-05,0.985452839042703,2100,,,,,,,,,,,
3.29028434753418,1.1339718103408813,4.005631159080244e-05,0.994838104176443,2120,,,,,,,,,,,
,,,1.0,2131,3.2527053356170654,4.391403655960521,30.026409084202903,933.2022,4.561,0.57,,,,,
3.2360488891601564,1.1475986242294312,3.996245893946504e-05,1.004223369310183,2140,,,,,,,,,,,
3.1976226806640624,1.215704321861267,3.986860628812764e-05,1.013608634443923,2160,,,,,,,,,,,
3.1441606521606444,1.1810812950134277,3.977475363679024e-05,1.022993899577663,2180,,,,,,,,,,,
3.20794563293457,1.304864764213562,3.968090098545284e-05,1.0323791647114031,2200,,,,,,,,,,,
3.1176015853881838,1.2284510135650635,3.958704833411544e-05,1.0417644298451432,2220,,,,,,,,,,,
3.1287057876586912,1.3457874059677124,3.949319568277804e-05,1.0511496949788832,2240,,,,,,,,,,,
3.1975435256958007,1.289689540863037,3.939934303144064e-05,1.0605349601126233,2260,,,,,,,,,,,
3.168403434753418,1.1261354684829712,3.930549038010324e-05,1.069920225246363,2280,,,,,,,,,,,
3.1876379013061524,1.277112364768982,3.921163772876584e-05,1.0793054903801031,2300,,,,,,,,,,,
3.142247772216797,1.166968584060669,3.911778507742844e-05,1.0886907555138432,2320,,,,,,,,,,,
3.0481359481811525,1.3357242345809937,3.902393242609104e-05,1.0980760206475833,2340,,,,,,,,,,,
3.172404670715332,1.2958149909973145,3.893007977475364e-05,1.1074612857813233,2360,,,,,,,,,,,
3.154293441772461,1.197087287902832,3.8836227123416244e-05,1.1168465509150634,2380,,,,,,,,,,,
3.1271995544433593,1.324367880821228,3.8742374472078844e-05,1.1262318160488034,2400,,,,,,,,,,,
3.1523651123046874,1.2053014039993286,3.864852182074144e-05,1.1356170811825435,2420,,,,,,,,,,,
3.1973947525024413,1.4373371601104736,3.855466916940404e-05,1.1450023463162835,2440,,,,,,,,,,,
3.212884521484375,1.3457233905792236,3.846081651806664e-05,1.1543876114500236,2460,,,,,,,,,,,
3.167129325866699,1.184083104133606,3.836696386672924e-05,1.1637728765837636,2480,,,,,,,,,,,
3.1899688720703123,1.2718939781188965,3.827311121539184e-05,1.1731581417175034,2500,,,,,,,,,,,
3.151936340332031,1.3078147172927856,3.817925856405444e-05,1.1825434068512435,2520,,,,,,,,,,,
3.189185905456543,1.1274644136428833,3.808540591271704e-05,1.1919286719849835,2540,,,,,,,,,,,
3.16823787689209,1.3382487297058105,3.799155326137964e-05,1.2013139371187236,2560,,,,,,,,,,,
3.1293872833251952,1.2214384078979492,3.789770061004224e-05,1.2106992022524636,2580,,,,,,,,,,,
3.189841079711914,1.2586339712142944,3.780384795870484e-05,1.2200844673862037,2600,,,,,,,,,,,
3.095490264892578,1.1674855947494507,3.7709995307367436e-05,1.2294697325199437,2620,,,,,,,,,,,
3.084802436828613,1.2307987213134766,3.7616142656030035e-05,1.2388549976536838,2640,,,,,,,,,,,
3.146586036682129,1.267619252204895,3.7522290004692635e-05,1.2482402627874238,2660,,,,,,,,,,,
3.097015380859375,1.5568019151687622,3.7428437353355234e-05,1.2576255279211637,2680,,,,,,,,,,,
3.1531036376953123,1.1597578525543213,3.733458470201783e-05,1.267010793054904,2700,,,,,,,,,,,
3.1329935073852537,1.487093210220337,3.724073205068043e-05,1.2763960581886438,2720,,,,,,,,,,,
3.1327043533325196,1.2443753480911255,3.714687939934303e-05,1.2857813233223838,2740,,,,,,,,,,,
3.128490447998047,1.243840217590332,3.705302674800563e-05,1.2951665884561239,2760,,,,,,,,,,,
3.13598690032959,1.2195422649383545,3.695917409666823e-05,1.304551853589864,2780,,,,,,,,,,,
3.151025390625,1.3358774185180664,3.686532144533083e-05,1.313937118723604,2800,,,,,,,,,,,
3.185524559020996,1.203645944595337,3.677146879399343e-05,1.323322383857344,2820,,,,,,,,,,,
3.194291877746582,1.2673413753509521,3.667761614265603e-05,1.332707648991084,2840,,,,,,,,,,,
3.1395145416259767,1.2688403129577637,3.658376349131863e-05,1.342092914124824,2860,,,,,,,,,,,
3.206439208984375,1.2319016456604004,3.6489910839981234e-05,1.3514781792585642,2880,,,,,,,,,,,
3.1542404174804686,1.4077986478805542,3.639605818864383e-05,1.360863444392304,2900,,,,,,,,,,,
3.104551315307617,1.2569468021392822,3.630220553730643e-05,1.370248709526044,2920,,,,,,,,,,,
3.1049802780151365,1.2279149293899536,3.620835288596903e-05,1.379633974659784,2940,,,,,,,,,,,
3.032633590698242,1.2749382257461548,3.611450023463163e-05,1.3890192397935242,2960,,,,,,,,,,,
3.0946578979492188,1.292446255683899,3.602064758329423e-05,1.3984045049272642,2980,,,,,,,,,,,
3.028380584716797,1.3402397632598877,3.592679493195683e-05,1.4077897700610043,3000,,,,,,,,,,,
3.088123321533203,1.1417582035064697,3.583294228061943e-05,1.4171750351947443,3020,,,,,,,,,,,
3.0377559661865234,1.2139614820480347,3.573908962928203e-05,1.4265603003284844,3040,,,,,,,,,,,
3.1811634063720704,1.2803493738174438,3.564523697794463e-05,1.4359455654622244,3060,,,,,,,,,,,
3.1674938201904297,1.1805930137634277,3.555138432660723e-05,1.4453308305959642,3080,,,,,,,,,,,
3.0356561660766603,1.3575942516326904,3.5457531675269826e-05,1.4547160957297043,3100,,,,,,,,,,,
3.2003684997558595,1.2693257331848145,3.5363679023932425e-05,1.4641013608634443,3120,,,,,,,,,,,
3.069317626953125,1.2262381315231323,3.5269826372595025e-05,1.4734866259971844,3140,,,,,,,,,,,
3.147795486450195,1.3389015197753906,3.5175973721257624e-05,1.4828718911309244,3160,,,,,,,,,,,
3.023603820800781,1.2832245826721191,3.508212106992022e-05,1.4922571562646645,3180,,,,,,,,,,,
3.072653388977051,1.209595799446106,3.498826841858282e-05,1.5016424213984045,3200,,,,,,,,,,,
3.0610857009887695,1.291742205619812,3.489441576724542e-05,1.5110276865321446,3220,,,,,,,,,,,
3.0823598861694337,1.1619322299957275,3.480056311590803e-05,1.5204129516658846,3240,,,,,,,,,,,
3.098499298095703,1.1546317338943481,3.470671046457063e-05,1.5297982167996245,3260,,,,,,,,,,,
3.0649526596069334,1.2376989126205444,3.461285781323323e-05,1.5391834819333647,3280,,,,,,,,,,,
3.1098587036132814,1.2162243127822876,3.4519005161895826e-05,1.5485687470671046,3300,,,,,,,,,,,
3.0429216384887696,1.203033685684204,3.4425152510558425e-05,1.5579540122008448,3320,,,,,,,,,,,
3.1072179794311525,1.1811888217926025,3.4331299859221025e-05,1.5673392773345847,3340,,,,,,,,,,,
2.975706100463867,1.2036806344985962,3.4237447207883624e-05,1.5767245424683247,3360,,,,,,,,,,,
3.053394889831543,1.1045416593551636,3.414359455654623e-05,1.5861098076020648,3380,,,,,,,,,,,
3.027901458740234,1.213801622390747,3.404974190520883e-05,1.5954950727358048,3400,,,,,,,,,,,
3.0680768966674803,1.1853564977645874,3.395588925387143e-05,1.6048803378695449,3420,,,,,,,,,,,
3.037217140197754,1.3417351245880127,3.386203660253403e-05,1.6142656030032847,3440,,,,,,,,,,,
2.9504421234130858,1.1134508848190308,3.376818395119663e-05,1.623650868137025,3460,,,,,,,,,,,
3.030658149719238,1.1682376861572266,3.3674331299859227e-05,1.6330361332707648,3480,,,,,,,,,,,
3.091851997375488,1.210795283317566,3.3580478648521826e-05,1.642421398404505,3500,,,,,,,,,,,
3.093342590332031,1.2877103090286255,3.3486625997184425e-05,1.651806663538245,3520,,,,,,,,,,,
3.1057409286499023,1.2695567607879639,3.3392773345847025e-05,1.661191928671985,3540,,,,,,,,,,,
3.0537412643432615,1.208981990814209,3.3298920694509624e-05,1.670577193805725,3560,,,,,,,,,,,
3.1062576293945314,1.2509523630142212,3.320506804317222e-05,1.679962458939465,3580,,,,,,,,,,,
3.046700096130371,1.2260117530822754,3.311121539183482e-05,1.689347724073205,3600,,,,,,,,,,,
3.063278007507324,1.1056417226791382,3.301736274049742e-05,1.698732989206945,3620,,,,,,,,,,,
3.061501121520996,1.3341745138168335,3.292351008916002e-05,1.7081182543406852,3640,,,,,,,,,,,
3.144610786437988,1.2764286994934082,3.282965743782262e-05,1.717503519474425,3660,,,,,,,,,,,
3.0298837661743163,1.2510218620300293,3.273580478648522e-05,1.7268887846081653,3680,,,,,,,,,,,
3.0478979110717774,1.0851001739501953,3.264195213514782e-05,1.7362740497419051,3700,,,,,,,,,,,
3.136161994934082,1.1501942873001099,3.254809948381042e-05,1.7456593148756452,3720,,,,,,,,,,,
3.0213129043579103,1.1114485263824463,3.245424683247302e-05,1.7550445800093852,3740,,,,,,,,,,,
2.9880510330200196,1.2053654193878174,3.236039418113562e-05,1.7644298451431253,3760,,,,,,,,,,,
3.0718738555908205,1.1718324422836304,3.2266541529798216e-05,1.7738151102768653,3780,,,,,,,,,,,
3.038096618652344,1.2827445268630981,3.2172688878460816e-05,1.7832003754106054,3800,,,,,,,,,,,
3.028976631164551,1.1821759939193726,3.2078836227123415e-05,1.7925856405443454,3820,,,,,,,,,,,
3.0867128372192383,1.283951759338379,3.1984983575786014e-05,1.8019709056780853,3840,,,,,,,,,,,
3.0586862564086914,1.2474931478500366,3.1891130924448613e-05,1.8113561708118255,3860,,,,,,,,,,,
2.986839485168457,1.4049618244171143,3.179727827311122e-05,1.8207414359455654,3880,,,,,,,,,,,
3.0375171661376954,1.1914677619934082,3.170342562177382e-05,1.8301267010793056,3900,,,,,,,,,,,
3.091478729248047,1.267993688583374,3.160957297043642e-05,1.8395119662130455,3920,,,,,,,,,,,
2.982508659362793,1.2168620824813843,3.151572031909902e-05,1.8488972313467855,3940,,,,,,,,,,,
3.154832458496094,1.2118242979049683,3.142186766776162e-05,1.8582824964805256,3960,,,,,,,,,,,
3.117669105529785,1.2199993133544922,3.1328015016424216e-05,1.8676677616142656,3980,,,,,,,,,,,
3.0357177734375,1.1932986974716187,3.1234162365086815e-05,1.8770530267480057,4000,,,,,,,,,,,
3.035436248779297,1.129339575767517,3.1140309713749415e-05,1.8864382918817455,4020,,,,,,,,,,,
2.9808353424072265,1.3089452981948853,3.1046457062412014e-05,1.8958235570154858,4040,,,,,,,,,,,
3.039748764038086,1.0646510124206543,3.095260441107461e-05,1.9052088221492256,4060,,,,,,,,,,,
2.9993892669677735,1.2624057531356812,3.085875175973721e-05,1.9145940872829659,4080,,,,,,,,,,,
3.0259225845336912,1.2267014980316162,3.076489910839981e-05,1.9239793524167057,4100,,,,,,,,,,,
3.0792009353637697,1.2701187133789062,3.067104645706241e-05,1.9333646175504458,4120,,,,,,,,,,,
3.06848258972168,1.2193454504013062,3.057719380572501e-05,1.9427498826841858,4140,,,,,,,,,,,
3.06793098449707,1.2387925386428833,3.0483341154387613e-05,1.9521351478179259,4160,,,,,,,,,,,
2.9364013671875,1.4980049133300781,3.0389488503050213e-05,1.961520412951666,4180,,,,,,,,,,,
3.0150638580322267,1.306536316871643,3.0295635851712812e-05,1.970905678085406,4200,,,,,,,,,,,
2.958457374572754,1.2095592021942139,3.020178320037541e-05,1.980290943219146,4220,,,,,,,,,,,
3.084947395324707,1.1827027797698975,3.010793054903801e-05,1.9896762083528858,4240,,,,,,,,,,,
3.0755157470703125,1.162412405014038,3.001407789770061e-05,1.999061473486626,4260,,,,,,,,,,,
,,,2.0,4262,3.119753122329712,5.3227801833829975,31.88689055896879,804.7103,5.289,0.661,,,,,
2.9013813018798826,1.2263325452804565,2.992022524636321e-05,2.008446738620366,4280,,,,,,,,,,,
2.907316207885742,1.2509231567382812,2.982637259502581e-05,2.017832003754106,4300,,,,,,,,,,,
2.9149208068847656,1.268707513809204,2.9732519943688408e-05,2.027217268887846,4320,,,,,,,,,,,
2.9310123443603517,1.2673512697219849,2.9638667292351007e-05,2.0366025340215863,4340,,,,,,,,,,,
2.9449501037597656,1.2038217782974243,2.9544814641013606e-05,2.045987799155326,4360,,,,,,,,,,,
2.9420244216918947,1.266024112701416,2.9450961989676212e-05,2.055373064289066,4380,,,,,,,,,,,
2.9659584045410154,1.0976378917694092,2.9357109338338812e-05,2.0647583294228062,4400,,,,,,,,,,,
2.899114418029785,1.3572454452514648,2.926325668700141e-05,2.074143594556546,4420,,,,,,,,,,,
2.9116233825683593,1.2117915153503418,2.916940403566401e-05,2.0835288596902863,4440,,,,,,,,,,,
2.920840263366699,1.2107524871826172,2.907555138432661e-05,2.092914124824026,4460,,,,,,,,,,,
2.9764682769775392,1.1944644451141357,2.898169873298921e-05,2.1022993899577664,4480,,,,,,,,,,,
2.9371109008789062,1.2423652410507202,2.888784608165181e-05,2.1116846550915063,4500,,,,,,,,,,,
2.9497617721557616,1.1972988843917847,2.8793993430314408e-05,2.1210699202252465,4520,,,,,,,,,,,
2.947662925720215,1.2712513208389282,2.8700140778977007e-05,2.1304551853589864,4540,,,,,,,,,,,
2.9302698135375977,1.1292885541915894,2.8606288127639606e-05,2.139840450492726,4560,,,,,,,,,,,
2.934963607788086,1.0707064867019653,2.8512435476302206e-05,2.1492257156264665,4580,,,,,,,,,,,
2.99359245300293,1.2492753267288208,2.8418582824964808e-05,2.1586109807602063,4600,,,,,,,,,,,
2.875773811340332,1.2616389989852905,2.8324730173627408e-05,2.1679962458939466,4620,,,,,,,,,,,
2.867904853820801,1.3219634294509888,2.8230877522290007e-05,2.1773815110276864,4640,,,,,,,,,,,
2.9416322708129883,1.2507734298706055,2.8137024870952606e-05,2.1867667761614267,4660,,,,,,,,,,,
2.987580680847168,1.1872519254684448,2.8043172219615206e-05,2.1961520412951665,4680,,,,,,,,,,,
2.975066566467285,1.3528993129730225,2.7949319568277805e-05,2.2055373064289068,4700,,,,,,,,,,,
2.8866178512573244,1.1875553131103516,2.7855466916940404e-05,2.2149225715626466,4720,,,,,,,,,,,
2.9291589736938475,1.1977710723876953,2.7761614265603003e-05,2.224307836696387,4740,,,,,,,,,,,
2.900975227355957,1.2218633890151978,2.7667761614265603e-05,2.2336931018301267,4760,,,,,,,,,,,
3.011383819580078,1.435736060142517,2.7573908962928202e-05,2.2430783669638665,4780,,,,,,,,,,,
2.9223690032958984,1.30537748336792,2.74800563115908e-05,2.252463632097607,4800,,,,,,,,,,,
2.8898637771606444,1.2568060159683228,2.73862036602534e-05,2.2618488972313466,4820,,,,,,,,,,,
2.972115707397461,1.211775541305542,2.7292351008916e-05,2.271234162365087,4840,,,,,,,,,,,
2.9366832733154298,1.297268271446228,2.7198498357578606e-05,2.2806194274988267,4860,,,,,,,,,,,
2.968097114562988,1.1195485591888428,2.7104645706241205e-05,2.290004692632567,4880,,,,,,,,,,,
2.958829879760742,0.9957383871078491,2.7010793054903805e-05,2.299389957766307,4900,,,,,,,,,,,
2.9700477600097654,1.3481334447860718,2.6916940403566404e-05,2.308775222900047,4920,,,,,,,,,,,
2.9402229309082033,1.2579257488250732,2.6823087752229003e-05,2.318160488033787,4940,,,,,,,,,,,
2.926036262512207,1.5109468698501587,2.6729235100891603e-05,2.327545753167527,4960,,,,,,,,,,,
2.881906509399414,1.2284042835235596,2.6635382449554202e-05,2.336931018301267,4980,,,,,,,,,,,
2.943873977661133,1.3787662982940674,2.65415297982168e-05,2.346316283435007,5000,,,,,,,,,,,
2.981654167175293,1.3203380107879639,2.64476771468794e-05,2.355701548568747,5020,,,,,,,,,,,
2.9693370819091798,1.2714608907699585,2.6353824495542e-05,2.365086813702487,5040,,,,,,,,,,,
2.8228479385375977,1.234015941619873,2.62599718442046e-05,2.3744720788362272,5060,,,,,,,,,,,
2.8852359771728517,1.3233370780944824,2.61661191928672e-05,2.383857343969967,5080,,,,,,,,,,,
2.901475715637207,1.299673318862915,2.60722665415298e-05,2.3932426091037073,5100,,,,,,,,,,,
2.8793075561523436,1.2815290689468384,2.59784138901924e-05,2.402627874237447,5120,,,,,,,,,,,
2.9381183624267577,1.2850799560546875,2.5884561238855e-05,2.4120131393711874,5140,,,,,,,,,,,
2.8939899444580077,1.269890546798706,2.57907085875176e-05,2.4213984045049273,5160,,,,,,,,,,,
2.9215810775756834,1.2672715187072754,2.56968559361802e-05,2.430783669638667,5180,,,,,,,,,,,
2.9064825057983397,1.367018461227417,2.5603003284842798e-05,2.4401689347724074,5200,,,,,,,,,,,
2.9331817626953125,1.1644564867019653,2.5509150633505397e-05,2.449554199906147,5220,,,,,,,,,,,
2.9093801498413088,1.413967490196228,2.5415297982167996e-05,2.4589394650398875,5240,,,,,,,,,,,
2.9349870681762695,1.0235393047332764,2.5321445330830596e-05,2.4683247301736273,5260,,,,,,,,,,,
2.8998260498046875,1.2797452211380005,2.5227592679493195e-05,2.4777099953073676,5280,,,,,,,,,,,
2.892131233215332,1.3504791259765625,2.5133740028155794e-05,2.4870952604411074,5300,,,,,,,,,,,
2.8953836441040037,1.245945930480957,2.5039887376818394e-05,2.4964805255748477,5320,,,,,,,,,,,
2.8639217376708985,1.2123745679855347,2.4946034725480996e-05,2.5058657907085875,5340,,,,,,,,,,,
2.876735496520996,1.1617687940597534,2.4852182074143596e-05,2.5152510558423273,5360,,,,,,,,,,,
2.9649049758911135,1.4142574071884155,2.4758329422806195e-05,2.5246363209760676,5380,,,,,,,,,,,
2.824788475036621,1.2271090745925903,2.4664476771468794e-05,2.534021586109808,5400,,,,,,,,,,,
2.897559928894043,1.267959475517273,2.4570624120131394e-05,2.5434068512435477,5420,,,,,,,,,,,
2.9009199142456055,1.1270201206207275,2.4476771468793993e-05,2.5527921163772875,5440,,,,,,,,,,,
2.925606346130371,1.171432614326477,2.4382918817456592e-05,2.562177381511028,5460,,,,,,,,,,,
2.7930652618408205,1.2342400550842285,2.4289066166119195e-05,2.5715626466447676,5480,,,,,,,,,,,
2.930245018005371,1.3911117315292358,2.4195213514781794e-05,2.580947911778508,5500,,,,,,,,,,,
2.786229133605957,1.3821529150009155,2.4101360863444393e-05,2.5903331769122477,5520,,,,,,,,,,,
2.9414430618286134,1.2026886940002441,2.4007508212106993e-05,2.5997184420459876,5540,,,,,,,,,,,
2.9429109573364256,1.2165565490722656,2.3913655560769592e-05,2.609103707179728,5560,,,,,,,,,,,
2.9283782958984377,1.2357608079910278,2.381980290943219e-05,2.618488972313468,5580,,,,,,,,,,,
2.961027908325195,1.1911393404006958,2.372595025809479e-05,2.627874237447208,5600,,,,,,,,,,,
2.9142127990722657,1.2140823602676392,2.3632097606757393e-05,2.6372595025809478,5620,,,,,,,,,,,
2.910216522216797,1.2001571655273438,2.3538244955419993e-05,2.646644767714688,5640,,,,,,,,,,,
2.9643217086791993,1.202965497970581,2.3444392304082592e-05,2.656030032848428,5660,,,,,,,,,,,
2.8847043991088865,1.187250018119812,2.335053965274519e-05,2.665415297982168,5680,,,,,,,,,,,
2.895645332336426,1.4903446435928345,2.325668700140779e-05,2.674800563115908,5700,,,,,,,,,,,
2.9803632736206054,1.1605159044265747,2.316283435007039e-05,2.684185828249648,5720,,,,,,,,,,,
2.88486270904541,1.600752353668213,2.3068981698732993e-05,2.693571093383388,5740,,,,,,,,,,,
2.8190305709838865,1.4851747751235962,2.2975129047395592e-05,2.7029563585171283,5760,,,,,,,,,,,
2.8607749938964844,1.3630130290985107,2.288127639605819e-05,2.712341623650868,5780,,,,,,,,,,,
2.913905143737793,1.2254809141159058,2.278742374472079e-05,2.721726888784608,5800,,,,,,,,,,,
2.8421459197998047,1.2710148096084595,2.269357109338339e-05,2.7311121539183483,5820,,,,,,,,,,,
2.841949462890625,1.4072586297988892,2.259971844204599e-05,2.740497419052088,5840,,,,,,,,,,,
2.8099599838256837,1.1405792236328125,2.250586579070859e-05,2.7498826841858284,5860,,,,,,,,,,,
2.8774959564208986,1.162023663520813,2.2412013139371188e-05,2.759267949319568,5880,,,,,,,,,,,
2.8369483947753906,1.345228672027588,2.2318160488033787e-05,2.768653214453308,5900,,,,,,,,,,,
2.8450782775878904,1.1816083192825317,2.2224307836696386e-05,2.7780384795870483,5920,,,,,,,,,,,
2.889170455932617,1.5384126901626587,2.2130455185358986e-05,2.7874237447207886,5940,,,,,,,,,,,
2.8675817489624023,1.5544254779815674,2.2036602534021585e-05,2.7968090098545284,5960,,,,,,,,,,,
2.920085334777832,1.225937008857727,2.1942749882684188e-05,2.8061942749882682,5980,,,,,,,,,,,
2.9064531326293945,1.3067628145217896,2.1848897231346787e-05,2.8155795401220085,6000,,,,,,,,,,,
2.917332077026367,1.245755672454834,2.1755044580009386e-05,2.8249648052557483,6020,,,,,,,,,,,
2.8470834732055663,1.3596107959747314,2.1661191928671986e-05,2.8343500703894886,6040,,,,,,,,,,,
2.9350419998168946,1.4326859712600708,2.1567339277334585e-05,2.8437353355232284,6060,,,,,,,,,,,
2.777223587036133,1.3253962993621826,2.1473486625997184e-05,2.8531206006569687,6080,,,,,,,,,,,
2.880679130554199,1.2718487977981567,2.1379633974659784e-05,2.8625058657907085,6100,,,,,,,,,,,
2.930079460144043,1.1336239576339722,2.1285781323322383e-05,2.871891130924449,6120,,,,,,,,,,,
2.953721618652344,1.2232673168182373,2.1191928671984986e-05,2.8812763960581886,6140,,,,,,,,,,,
2.9725223541259767,1.2908474206924438,2.1098076020647585e-05,2.8906616611919285,6160,,,,,,,,,,,
2.7766746520996093,1.4006353616714478,2.1004223369310184e-05,2.9000469263256687,6180,,,,,,,,,,,
2.7948673248291014,1.1200945377349854,2.0910370717972784e-05,2.9094321914594086,6200,,,,,,,,,,,
2.881361961364746,1.1570003032684326,2.0816518066635383e-05,2.918817456593149,6220,,,,,,,,,,,
2.830418586730957,1.3101005554199219,2.0722665415297986e-05,2.9282027217268887,6240,,,,,,,,,,,
2.8701850891113283,1.2558866739273071,2.0628812763960585e-05,2.937587986860629,6260,,,,,,,,,,,
2.868926239013672,1.5498440265655518,2.0534960112623184e-05,2.9469732519943688,6280,,,,,,,,,,,
2.795452690124512,1.2412141561508179,2.0441107461285784e-05,2.956358517128109,6300,,,,,,,,,,,
2.8519008636474608,1.2225069999694824,2.0347254809948383e-05,2.965743782261849,6320,,,,,,,,,,,
2.886590766906738,1.2257113456726074,2.0253402158610982e-05,2.9751290473955887,6340,,,,,,,,,,,
2.834465217590332,1.1849384307861328,2.015954950727358e-05,2.984514312529329,6360,,,,,,,,,,,
2.852830505371094,1.2191905975341797,2.006569685593618e-05,2.9938995776630692,6380,,,,,,,,,,,
,,,3.0,6393,3.072481393814087,6.068239600106461,33.48801503230144,769.4846,5.531,0.691,,,,,
2.7929126739501955,1.2391273975372314,1.997184420459878e-05,3.003284842796809,6400,,,,,,,,,,,
2.7648359298706056,1.1537270545959473,1.987799155326138e-05,3.012670107930549,6420,,,,,,,,,,,
2.7904054641723635,1.186113715171814,1.978413890192398e-05,3.022055373064289,6440,,,,,,,,,,,
2.817085838317871,1.2003356218338013,1.9690286250586578e-05,3.031440638198029,6460,,,,,,,,,,,
2.8198719024658203,1.3299283981323242,1.959643359924918e-05,3.0408259033317693,6480,,,,,,,,,,,
2.8477096557617188,1.885920763015747,1.950258094791178e-05,3.050211168465509,6500,,,,,,,,,,,
2.7642585754394533,1.4462201595306396,1.940872829657438e-05,3.0595964335992494,6520,,,,,,,,,,,
2.814737319946289,1.1178009510040283,1.931487564523698e-05,3.068981698732989,6540,,,,,,,,,,,
2.81127872467041,1.3570940494537354,1.9221022993899578e-05,3.078366963866729,6560,,,,,,,,,,,
2.8476892471313477,1.5390995740890503,1.9127170342562177e-05,3.0877522290004693,6580,,,,,,,,,,,
2.7555381774902346,1.2276442050933838,1.9033317691224777e-05,3.097137494134209,6600,,,,,,,,,,,
2.7148601531982424,1.2261439561843872,1.8939465039887376e-05,3.1065227592679494,6620,,,,,,,,,,,
2.712224006652832,1.4270418882369995,1.884561238854998e-05,3.1159080244016892,6640,,,,,,,,,,,
2.876827049255371,1.3064850568771362,1.8751759737212578e-05,3.1252932895354295,6660,,,,,,,,,,,
2.7484193801879884,1.2742234468460083,1.8657907085875177e-05,3.1346785546691693,6680,,,,,,,,,,,
2.89178409576416,1.3933067321777344,1.8564054434537777e-05,3.1440638198029096,6700,,,,,,,,,,,
2.8412649154663088,1.449426531791687,1.847020178320038e-05,3.1534490849366494,6720,,,,,,,,,,,
2.8402185440063477,1.1199421882629395,1.837634913186298e-05,3.1628343500703897,6740,,,,,,,,,,,
2.8033876419067383,1.2581608295440674,1.8282496480525578e-05,3.1722196152041295,6760,,,,,,,,,,,
2.7713966369628906,1.2014347314834595,1.8188643829188177e-05,3.1816048803378694,6780,,,,,,,,,,,
2.840010070800781,1.2243309020996094,1.8094791177850776e-05,3.1909901454716096,6800,,,,,,,,,,,
2.785545539855957,1.402092695236206,1.8000938526513376e-05,3.2003754106053495,6820,,,,,,,,,,,
2.8137269973754884,1.4265375137329102,1.7907085875175975e-05,3.2097606757390897,6840,,,,,,,,,,,
2.762014389038086,1.153220534324646,1.7813233223838574e-05,3.2191459408728296,6860,,,,,,,,,,,
2.7921539306640626,1.583724856376648,1.7719380572501174e-05,3.22853120600657,6880,,,,,,,,,,,
2.8500507354736326,1.290601134300232,1.7625527921163773e-05,3.2379164711403097,6900,,,,,,,,,,,
2.8748170852661135,1.3615117073059082,1.7531675269826372e-05,3.24730173627405,6920,,,,,,,,,,,
2.803598403930664,1.2190171480178833,1.743782261848897e-05,3.2566870014077898,6940,,,,,,,,,,,
2.7410274505615235,1.2566677331924438,1.734396996715157e-05,3.2660722665415296,6960,,,,,,,,,,,
2.8371700286865233,1.1780807971954346,1.7250117315814174e-05,3.27545753167527,6980,,,,,,,,,,,
2.6685787200927735,1.277970314025879,1.7156264664476773e-05,3.2848427968090097,7000,,,,,,,,,,,
2.7521732330322264,1.3237204551696777,1.7062412013139372e-05,3.29422806194275,7020,,,,,,,,,,,
2.760120391845703,1.3530244827270508,1.696855936180197e-05,3.30361332707649,7040,,,,,,,,,,,
2.7513317108154296,1.2443110942840576,1.687470671046457e-05,3.31299859221023,7060,,,,,,,,,,,
2.8088623046875,1.407140851020813,1.678085405912717e-05,3.32238385734397,7080,,,,,,,,,,,
2.8103958129882813,1.4044029712677002,1.668700140778977e-05,3.33176912247771,7100,,,,,,,,,,,
2.775279998779297,1.278523564338684,1.659314875645237e-05,3.34115438761145,7120,,,,,,,,,,,
2.744972991943359,1.6037648916244507,1.6499296105114968e-05,3.35053965274519,7140,,,,,,,,,,,
2.8072273254394533,1.6187258958816528,1.640544345377757e-05,3.35992491787893,7160,,,,,,,,,,,
2.788438606262207,1.2179349660873413,1.631159080244017e-05,3.36931018301267,7180,,,,,,,,,,,
2.7528013229370116,1.1897825002670288,1.621773815110277e-05,3.37869544814641,7200,,,,,,,,,,,
2.8243619918823244,1.2518478631973267,1.6123885499765372e-05,3.38808071328015,7220,,,,,,,,,,,
2.852280044555664,1.2911559343338013,1.603003284842797e-05,3.3974659784138903,7240,,,,,,,,,,,
2.8718990325927733,1.328467607498169,1.593618019709057e-05,3.40685124354763,7260,,,,,,,,,,,
2.820506477355957,1.1636773347854614,1.584232754575317e-05,3.4162365086813704,7280,,,,,,,,,,,
2.7587936401367186,1.2872878313064575,1.574847489441577e-05,3.4256217738151102,7300,,,,,,,,,,,
2.738785171508789,1.4525494575500488,1.565462224307837e-05,3.43500703894885,7320,,,,,,,,,,,
2.822877883911133,1.2745417356491089,1.5560769591740968e-05,3.4443923040825903,7340,,,,,,,,,,,
2.8029800415039063,1.2501637935638428,1.5466916940403567e-05,3.45377756921633,7360,,,,,,,,,,,
2.7649858474731444,1.3767898082733154,1.5373064289066167e-05,3.4631628343500704,7380,,,,,,,,,,,
2.7686328887939453,1.2111258506774902,1.5279211637728766e-05,3.4725480994838103,7400,,,,,,,,,,,
2.7510501861572267,1.3570798635482788,1.5185358986391365e-05,3.4819333646175505,7420,,,,,,,,,,,
2.773202133178711,1.3121014833450317,1.5091506335053965e-05,3.4913186297512904,7440,,,,,,,,,,,
2.8580947875976563,1.285280466079712,1.4997653683716567e-05,3.5007038948850306,7460,,,,,,,,,,,
2.8142032623291016,1.3937819004058838,1.4903801032379167e-05,3.5100891600187705,7480,,,,,,,,,,,
2.74437255859375,1.3652830123901367,1.4809948381041766e-05,3.5194744251525103,7500,,,,,,,,,,,
2.8098867416381834,1.491414189338684,1.4716095729704365e-05,3.5288596902862506,7520,,,,,,,,,,,
2.820917510986328,1.2548288106918335,1.4622243078366964e-05,3.538244955419991,7540,,,,,,,,,,,
2.83453311920166,1.2629131078720093,1.4528390427029564e-05,3.5476302205537307,7560,,,,,,,,,,,
2.7376155853271484,1.3247857093811035,1.4434537775692165e-05,3.5570154856874705,7580,,,,,,,,,,,
2.878553771972656,1.2417302131652832,1.4340685124354764e-05,3.5664007508212108,7600,,,,,,,,,,,
2.8062206268310548,1.2742719650268555,1.4246832473017363e-05,3.5757860159549506,7620,,,,,,,,,,,
2.7931449890136717,1.3102792501449585,1.4152979821679963e-05,3.585171281088691,7640,,,,,,,,,,,
2.7563629150390625,1.3926106691360474,1.4059127170342562e-05,3.5945565462224307,7660,,,,,,,,,,,
2.799683380126953,1.2880996465682983,1.3965274519005161e-05,3.603941811356171,7680,,,,,,,,,,,
2.7608633041381836,1.3397142887115479,1.387142186766776e-05,3.613327076489911,7700,,,,,,,,,,,
2.811345863342285,1.271332025527954,1.3777569216330363e-05,3.622712341623651,7720,,,,,,,,,,,
2.828775405883789,1.1574736833572388,1.3683716564992963e-05,3.632097606757391,7740,,,,,,,,,,,
2.8563360214233398,1.4107673168182373,1.3589863913655562e-05,3.6414828718911307,7760,,,,,,,,,,,
2.877853584289551,1.4188988208770752,1.3496011262318161e-05,3.650868137024871,7780,,,,,,,,,,,
2.8509765625,1.3137670755386353,1.340215861098076e-05,3.660253402158611,7800,,,,,,,,,,,
2.6678646087646483,1.4155422449111938,1.330830595964336e-05,3.669638667292351,7820,,,,,,,,,,,
2.884483528137207,1.3109910488128662,1.3214453308305961e-05,3.679023932426091,7840,,,,,,,,,,,
2.794033241271973,1.162591814994812,1.312060065696856e-05,3.688409197559831,7860,,,,,,,,,,,
2.804708480834961,1.2742414474487305,1.302674800563116e-05,3.697794462693571,7880,,,,,,,,,,,
2.7490583419799806,1.3521867990493774,1.2932895354293759e-05,3.7071797278273113,7900,,,,,,,,,,,
2.7158788681030273,1.2329860925674438,1.2839042702956358e-05,3.716564992961051,7920,,,,,,,,,,,
2.7290502548217774,1.3287906646728516,1.2745190051618957e-05,3.725950258094791,7940,,,,,,,,,,,
2.706530952453613,1.3961193561553955,1.265133740028156e-05,3.7353355232285312,7960,,,,,,,,,,,
2.772983169555664,1.1877740621566772,1.255748474894416e-05,3.744720788362271,7980,,,,,,,,,,,
2.787916564941406,1.2950966358184814,1.2463632097606757e-05,3.7541060534960113,8000,,,,,,,,,,,
2.7145524978637696,1.6920454502105713,1.2369779446269358e-05,3.763491318629751,8020,,,,,,,,,,,
2.714450454711914,1.2789772748947144,1.2275926794931957e-05,3.7728765837634914,8040,,,,,,,,,,,
2.8166431427001952,1.5431299209594727,1.2182074143594557e-05,3.7822618488972313,8060,,,,,,,,,,,
2.8114891052246094,1.396618366241455,1.2088221492257156e-05,3.7916471140309715,8080,,,,,,,,,,,
2.7671072006225588,1.3888871669769287,1.1994368840919757e-05,3.8010323791647114,8100,,,,,,,,,,,
2.772806739807129,1.2700345516204834,1.1900516189582356e-05,3.810417644298451,8120,,,,,,,,,,,
2.822284698486328,1.406583309173584,1.1806663538244956e-05,3.8198029094321915,8140,,,,,,,,,,,
2.8036779403686523,1.3057143688201904,1.1712810886907557e-05,3.8291881745659317,8160,,,,,,,,,,,
2.772717094421387,1.3300788402557373,1.1618958235570156e-05,3.8385734396996716,8180,,,,,,,,,,,
2.747609519958496,1.3243582248687744,1.1525105584232755e-05,3.8479587048334114,8200,,,,,,,,,,,
2.7395933151245115,1.3002792596817017,1.1431252932895355e-05,3.8573439699671517,8220,,,,,,,,,,,
2.8534847259521485,1.4467167854309082,1.1337400281557954e-05,3.8667292351008915,8240,,,,,,,,,,,
2.823622703552246,1.585839033126831,1.1243547630220553e-05,3.8761145002346318,8260,,,,,,,,,,,
2.7615453720092775,1.2436418533325195,1.1149694978883154e-05,3.8854997653683716,8280,,,,,,,,,,,
2.752938461303711,1.3067954778671265,1.1055842327545753e-05,3.8948850305021114,8300,,,,,,,,,,,
2.808400344848633,1.4172747135162354,1.0961989676208353e-05,3.9042702956358517,8320,,,,,,,,,,,
2.761688232421875,1.2405778169631958,1.0868137024870954e-05,3.913655560769592,8340,,,,,,,,,,,
2.7912227630615236,1.2232615947723389,1.0774284373533553e-05,3.923040825903332,8360,,,,,,,,,,,
2.735769271850586,1.2321598529815674,1.0680431722196152e-05,3.9324260910370716,8380,,,,,,,,,,,
2.799790954589844,1.209355354309082,1.0586579070858753e-05,3.941811356170812,8400,,,,,,,,,,,
2.6874561309814453,1.1748828887939453,1.0492726419521353e-05,3.9511966213045517,8420,,,,,,,,,,,
2.800274467468262,1.1250232458114624,1.0398873768183952e-05,3.960581886438292,8440,,,,,,,,,,,
2.818099784851074,1.4512230157852173,1.0305021116846551e-05,3.969967151572032,8460,,,,,,,,,,,
2.829361915588379,1.1796221733093262,1.021116846550915e-05,3.9793524167057717,8480,,,,,,,,,,,
2.8453113555908205,1.2807203531265259,1.011731581417175e-05,3.988737681839512,8500,,,,,,,,,,,
2.790012550354004,1.249855399131775,1.0023463162834351e-05,3.998122946973252,8520,,,,,,,,,,,
,,,4.0,8524,3.0615224838256836,6.198035837457159,33.77324823300357,809.1714,5.26,0.657,,,,,
2.759030342102051,1.2580167055130005,9.92961051149695e-06,4.007508212106992,8540,,,,,,,,,,,
2.669822120666504,1.2194925546646118,9.83575786015955e-06,4.016893477240732,8560,,,,,,,,,,,
2.7632579803466797,1.4148963689804077,9.741905208822149e-06,4.026278742374472,8580,,,,,,,,,,,
2.720981216430664,1.1513044834136963,9.64805255748475e-06,4.035664007508212,8600,,,,,,,,,,,
2.7575035095214844,1.325321912765503,9.55419990614735e-06,4.045049272641952,8620,,,,,,,,,,,
2.67862491607666,1.2629586458206177,9.46034725480995e-06,4.054434537775692,8640,,,,,,,,,,,
2.788887786865234,1.2885830402374268,9.36649460347255e-06,4.063819802909432,8660,,,,,,,,,,,
2.6847822189331056,1.1935802698135376,9.272641952135149e-06,4.073205068043173,8680,,,,,,,,,,,
2.7583335876464843,1.2751591205596924,9.178789300797748e-06,4.0825903331769124,8700,,,,,,,,,,,
2.755940628051758,1.2741185426712036,9.084936649460347e-06,4.091975598310652,8720,,,,,,,,,,,
2.7385602951049806,1.2849293947219849,8.991083998122947e-06,4.101360863444392,8740,,,,,,,,,,,
2.751500701904297,1.4614677429199219,8.897231346785546e-06,4.110746128578132,8760,,,,,,,,,,,
2.7309524536132814,1.2368282079696655,8.803378695448147e-06,4.120131393711873,8780,,,,,,,,,,,
2.709624099731445,1.1481322050094604,8.709526044110746e-06,4.1295166588456125,8800,,,,,,,,,,,
2.8120119094848635,1.2789071798324585,8.615673392773346e-06,4.138901923979352,8820,,,,,,,,,,,
2.738859748840332,1.2205471992492676,8.521820741435945e-06,4.148287189113092,8840,,,,,,,,,,,
2.6902389526367188,1.3517259359359741,8.427968090098546e-06,4.157672454246833,8860,,,,,,,,,,,
2.7565053939819335,1.2929837703704834,8.334115438761145e-06,4.167057719380573,8880,,,,,,,,,,,
2.6615375518798827,1.4062526226043701,8.240262787423746e-06,4.1764429845143125,8900,,,,,,,,,,,
2.7591794967651366,1.296270489692688,8.146410136086346e-06,4.185828249648052,8920,,,,,,,,,,,
2.77331657409668,1.3514657020568848,8.052557484748945e-06,4.195213514781792,8940,,,,,,,,,,,
2.7262123107910154,1.4512863159179688,7.958704833411544e-06,4.204598779915533,8960,,,,,,,,,,,
2.770743179321289,1.480596899986267,7.864852182074144e-06,4.213984045049273,8980,,,,,,,,,,,
2.7654245376586912,1.393524169921875,7.770999530736743e-06,4.2233693101830125,9000,,,,,,,,,,,
2.7200077056884764,1.8029662370681763,7.677146879399344e-06,4.232754575316752,9020,,,,,,,,,,,
2.744655418395996,1.3231061697006226,7.583294228061943e-06,4.242139840450493,9040,,,,,,,,,,,
2.6864356994628906,1.4243879318237305,7.4894415767245425e-06,4.251525105584233,9060,,,,,,,,,,,
2.709366226196289,1.1837959289550781,7.395588925387143e-06,4.260910370717973,9080,,,,,,,,,,,
2.701895523071289,1.4382027387619019,7.301736274049742e-06,4.270295635851713,9100,,,,,,,,,,,
2.7362613677978516,1.247558355331421,7.207883622712341e-06,4.279680900985452,9120,,,,,,,,,,,
2.751936912536621,1.258951187133789,7.114030971374942e-06,4.289066166119193,9140,,,,,,,,,,,
2.7286918640136717,1.3765935897827148,7.020178320037542e-06,4.298451431252933,9160,,,,,,,,,,,
2.7323724746704103,1.3573503494262695,6.926325668700141e-06,4.307836696386673,9180,,,,,,,,,,,
2.7267932891845703,1.2461018562316895,6.832473017362741e-06,4.317221961520413,9200,,,,,,,,,,,
2.6967580795288084,1.3022085428237915,6.73862036602534e-06,4.326607226654153,9220,,,,,,,,,,,
2.751697540283203,1.3142489194869995,6.64476771468794e-06,4.335992491787893,9240,,,,,,,,,,,
2.7226444244384767,1.2417337894439697,6.550915063350541e-06,4.345377756921633,9260,,,,,,,,,,,
2.722340774536133,1.3487383127212524,6.45706241201314e-06,4.354763022055373,9280,,,,,,,,,,,
2.673655700683594,1.3974655866622925,6.363209760675739e-06,4.3641482871891135,9300,,,,,,,,,,,
2.7113460540771483,1.278196930885315,6.2693571093383395e-06,4.373533552322853,9320,,,,,,,,,,,
2.656496047973633,1.3682706356048584,6.175504458000939e-06,4.382918817456593,9340,,,,,,,,,,,
2.647177314758301,1.2268379926681519,6.081651806663539e-06,4.392304082590333,9360,,,,,,,,,,,
2.6828567504882814,1.2969651222229004,5.987799155326138e-06,4.401689347724073,9380,,,,,,,,,,,
2.7451791763305664,1.2454184293746948,5.8939465039887376e-06,4.4110746128578135,9400,,,,,,,,,,,
2.743004035949707,1.3253121376037598,5.800093852651338e-06,4.420459877991553,9420,,,,,,,,,,,
2.6708705902099608,1.3951609134674072,5.706241201313937e-06,4.429845143125293,9440,,,,,,,,,,,
2.7448102951049806,1.3623590469360352,5.612388549976537e-06,4.439230408259033,9460,,,,,,,,,,,
2.7591327667236327,1.5524332523345947,5.518535898639137e-06,4.448615673392774,9480,,,,,,,,,,,
2.7717252731323243,1.2566564083099365,5.424683247301737e-06,4.458000938526514,9500,,,,,,,,,,,
2.7383445739746093,1.3530164957046509,5.330830595964336e-06,4.467386203660253,9520,,,,,,,,,,,
2.7105924606323244,1.3035807609558105,5.236977944626936e-06,4.476771468793993,9540,,,,,,,,,,,
2.722177505493164,1.5384495258331299,5.1431252932895354e-06,4.486156733927733,9560,,,,,,,,,,,
2.7857873916625975,1.255289077758789,5.049272641952136e-06,4.495541999061474,9580,,,,,,,,,,,
2.6861330032348634,1.6684139966964722,4.955419990614736e-06,4.504927264195214,9600,,,,,,,,,,,
2.7027284622192385,1.3110017776489258,4.861567339277335e-06,4.514312529328953,9620,,,,,,,,,,,
2.7363523483276366,1.3388177156448364,4.767714687939934e-06,4.523697794462693,9640,,,,,,,,,,,
2.6409435272216797,1.2709287405014038,4.6738620366025345e-06,4.533083059596434,9660,,,,,,,,,,,
2.7154476165771486,1.3899849653244019,4.580009385265134e-06,4.542468324730174,9680,,,,,,,,,,,
2.7690174102783205,1.3176491260528564,4.486156733927733e-06,4.551853589863914,9700,,,,,,,,,,,
2.7195802688598634,1.3110884428024292,4.392304082590333e-06,4.5612388549976535,9720,,,,,,,,,,,
2.6655296325683593,1.4708552360534668,4.2984514312529335e-06,4.570624120131393,9740,,,,,,,,,,,
2.716548538208008,1.3159981966018677,4.204598779915533e-06,4.580009385265134,9760,,,,,,,,,,,
2.748134803771973,1.4631487131118774,4.110746128578132e-06,4.589394650398874,9780,,,,,,,,,,,
2.7378992080688476,1.2354682683944702,4.016893477240732e-06,4.598779915532614,9800,,,,,,,,,,,
2.7588268280029298,1.4243794679641724,3.9230408259033316e-06,4.6081651806663535,9820,,,,,,,,,,,
2.804176902770996,1.323176383972168,3.829188174565932e-06,4.617550445800094,9840,,,,,,,,,,,
2.6591487884521485,1.3403370380401611,3.7353355232285314e-06,4.626935710933834,9860,,,,,,,,,,,
2.669565200805664,1.2689533233642578,3.641482871891131e-06,4.636320976067574,9880,,,,,,,,,,,
2.7744962692260744,1.2312766313552856,3.5476302205537305e-06,4.645706241201314,9900,,,,,,,,,,,
2.700136184692383,1.3602887392044067,3.4537775692163306e-06,4.655091506335054,9920,,,,,,,,,,,
2.7550237655639647,1.407863974571228,3.3599249178789304e-06,4.664476771468794,9940,,,,,,,,,,,
2.723640251159668,1.3167380094528198,3.2660722665415297e-06,4.673862036602534,9960,,,,,,,,,,,
2.7631053924560547,1.310010313987732,3.17221961520413e-06,4.683247301736274,9980,,,,,,,,,,,
2.8534046173095704,1.3035155534744263,3.0783669638667296e-06,4.692632566870014,10000,,,,,,,,,,,
2.659267044067383,1.3121836185455322,2.9845143125293293e-06,4.7020178320037544,10020,,,,,,,,,,,
2.6633394241333006,1.2459930181503296,2.8906616611919286e-06,4.711403097137494,10040,,,,,,,,,,,
2.763147163391113,1.1783182621002197,2.7968090098545284e-06,4.720788362271234,10060,,,,,,,,,,,
2.621114730834961,1.3751264810562134,2.7029563585171285e-06,4.730173627404974,10080,,,,,,,,,,,
2.7469024658203125,1.3264570236206055,2.609103707179728e-06,4.739558892538714,10100,,,,,,,,,,,
2.7529457092285154,1.3158416748046875,2.5152510558423276e-06,4.7489441576724545,10120,,,,,,,,,,,
2.7466367721557616,1.4102877378463745,2.4213984045049277e-06,4.758329422806194,10140,,,,,,,,,,,
2.7275007247924803,1.3317228555679321,2.327545753167527e-06,4.767714687939934,10160,,,,,,,,,,,
2.790841293334961,1.3576104640960693,2.2336931018301268e-06,4.777099953073674,10180,,,,,,,,,,,
2.7070749282836912,1.2840290069580078,2.1398404504927265e-06,4.786485218207415,10200,,,,,,,,,,,
2.7060924530029298,1.3945585489273071,2.0459877991553262e-06,4.7958704833411545,10220,,,,,,,,,,,
2.654733085632324,1.3321946859359741,1.952135147817926e-06,4.805255748474894,10240,,,,,,,,,,,
2.7496759414672853,1.4772164821624756,1.8582824964805255e-06,4.814641013608634,10260,,,,,,,,,,,
2.774304962158203,1.4232183694839478,1.7644298451431254e-06,4.824026278742375,10280,,,,,,,,,,,
2.7585529327392577,1.4354078769683838,1.6705771938057252e-06,4.833411543876115,10300,,,,,,,,,,,
2.775406837463379,1.488065481185913,1.5767245424683247e-06,4.8427968090098545,10320,,,,,,,,,,,
2.714551544189453,1.4187352657318115,1.4828718911309244e-06,4.852182074143594,10340,,,,,,,,,,,
2.761838912963867,1.4159018993377686,1.3890192397935242e-06,4.861567339277334,10360,,,,,,,,,,,
2.6725753784179687,1.2826035022735596,1.295166588456124e-06,4.870952604411075,10380,,,,,,,,,,,
2.7047426223754885,1.3955676555633545,1.2013139371187236e-06,4.880337869544815,10400,,,,,,,,,,,
2.7245269775390626,1.30692458152771,1.1074612857813234e-06,4.889723134678555,10420,,,,,,,,,,,
2.703337860107422,1.2699389457702637,1.013608634443923e-06,4.899108399812294,10440,,,,,,,,,,,
2.763669013977051,1.178423285484314,9.197559831065228e-07,4.908493664946034,10460,,,,,,,,,,,
2.7436838150024414,1.3534256219863892,8.259033317691226e-07,4.917878930079775,10480,,,,,,,,,,,
2.7821136474609376,1.4354572296142578,7.320506804317223e-07,4.927264195213515,10500,,,,,,,,,,,
2.651898193359375,1.2269093990325928,6.381980290943219e-07,4.936649460347255,10520,,,,,,,,,,,
2.7541406631469725,1.1913968324661255,5.443453777569217e-07,4.946034725480995,10540,,,,,,,,,,,
2.6765541076660155,1.4446173906326294,4.5049272641952133e-07,4.955419990614735,10560,,,,,,,,,,,
2.724826431274414,1.3817296028137207,3.5664007508212107e-07,4.964805255748475,10580,,,,,,,,,,,
2.7165626525878905,1.2979077100753784,2.627874237447208e-07,4.974190520882215,10600,,,,,,,,,,,
2.78692569732666,1.62752366065979,1.6893477240732053e-07,4.983575786015955,10620,,,,,,,,,,,
2.72445068359375,1.3968608379364014,7.508212106992023e-08,4.992961051149695,10640,,,,,,,,,,,
,,,5.0,10655,3.060054063796997,6.379173928061628,34.10667753385976,787.6773,5.403,0.675,,,,,
,,,5.0,10655,,,,,,,5546.2572,30.724,1.921,1.988711260146893e+16,3.025057056128056
