term,frequency,domains
Kenya,812,"Agriculture, Education, Governance, Health, Security & Safety"
TVET,724,Education
Kenya Red Cross,580,"Health, Security & Safety"
Citizen,415,"Education, Governance"
HELB,414,Education
IEBC,395,"Education, Governance, Security & Safety"
KEMSA,379,Health
KUCCPS,351,Education
NDMA,338,Security & Safety
KICD,337,Education
NTSA,335,"Education, Governance, Security & Safety"
KEMRI,323,Health
KNEC,320,Education
July,318,"Agriculture, Education, Governance, Health, Security & Safety"
Taita,315,"Agriculture, Education, Governance, Health, Security & Safety"
EACC,309,"Education, Governance, Security & Safety"
Elgeyo,305,"Agriculture, Education, Governance, Health, Security & Safety"
December,293,"Agriculture, Education, Governance, Health, Security & Safety"
Tharaka,293,"Agriculture, Education, Governance, Health, Security & Safety"
KALRO,290,Agriculture
August,287,"Agriculture, Education, Governance, Health, Security & Safety"
June,278,"Agriculture, Education, Governance, Health, Security & Safety"
March,274,"Agriculture, Education, Governance, Health, Security & Safety"
January,271,"Agriculture, Education, Governance, Health, Security & Safety"
April,270,"Agriculture, Education, Governance, Health, Security & Safety"
KEPHIS,269,"Agriculture, Security & Safety"
October,258,"Agriculture, Education, Governance, Health, Security & Safety"
COMESA,248,Agriculture
NCPB,239,Agriculture
KTDA,239,Agriculture
Kenya Medical Association,234,Health
ODPP,225,"Governance, Security & Safety"
Ombudsman,216,Governance
Huduma Kenya,212,Governance
November,206,"Agriculture, Education, Governance, Health, Security & Safety"
Curriculum Development,200,Education
September,196,"Agriculture, Education, Governance, Health, Security & Safety"
Kenya Institute,194,Education
February,183,"Agriculture, Education, Governance, Health, Security & Safety"
Universities Fund,173,Education
State Department,130,Education
Kenya Forest Service,123,Security & Safety
Kenya Gazette,104,Governance
Auditor,98,Governance
Kenya Plant Health Inspectorate Service,97,Agriculture
General,95,Governance
Nyumba Kumi,94,Security & Safety
Agriculture,81,"Agriculture, Education"
Tana River County,81,"Agriculture, Education, Governance, Health, Security & Safety"
Newcastle,81,Agriculture
Nandi County,80,"Agriculture, Education, Governance, Health, Security & Safety"
Registrar,80,Governance
Communications Authority,75,Security & Safety
Pesa PIN,73,Security & Safety
KCSE,71,"Education, Health"
Huduma Centre,68,"Governance, Health"
Nairobi,67,"Agriculture, Education, Governance, Health, Security & Safety"
Ministry,66,"Agriculture, Education, Health"
AIDS,62,Health
Food Authority,61,Agriculture
Rift Valley Fever,61,Health
Social Health Authority,59,"Education, Health"
Lamu County,57,"Agriculture, Education, Governance, Health, Security & Safety"
NHIF,55,"Education, Governance, Health, Security & Safety"
Meru County,54,"Agriculture, Education, Health, Security & Safety"
Garissa County,54,"Agriculture, Education, Governance, Health, Security & Safety"
Homa Bay County,48,"Agriculture, Education, Governance, Health, Security & Safety"
Mandera County,48,"Agriculture, Education, Health, Security & Safety"
Wajir County,47,"Agriculture, Education, Governance, Health, Security & Safety"
Kwale County,47,"Agriculture, Education, Governance, Health, Security & Safety"
Nairobi County,46,"Agriculture, Education, Governance, Health, Security & Safety"
Basic Education,46,Education
Mombasa County,44,"Agriculture, Education, Governance, Health, Security & Safety"
Kenya Dairy Board,41,Agriculture
Kilifi County,41,"Agriculture, Education, Governance, Security & Safety"
Nyeri County,40,"Agriculture, Education, Governance, Security & Safety"
Narok County,38,"Agriculture, Education, Governance, Security & Safety"
West Pokot County,38,"Agriculture, Education, Security & Safety"
Samburu County,37,"Agriculture, Education, Governance, Health, Security & Safety"
Makueni County,34,"Agriculture, Education, Governance, Health, Security & Safety"
Laikipia County,33,"Agriculture, Education, Governance, Health, Security & Safety"
Kajiado County,33,"Agriculture, Education, Security & Safety"
STEM,33,Education
Siaya County,32,"Agriculture, Education, Governance, Health, Security & Safety"
Directorate,32,Security & Safety
Kisumu County,31,"Agriculture, Education, Governance, Health, Security & Safety"
IFAD,30,Agriculture
Mombasa,30,"Agriculture, Education, Governance, Health, Security & Safety"
Machakos County,30,"Agriculture, Education, Health, Security & Safety"
Baringo County,30,"Agriculture, Education, Governance, Health, Security & Safety"
Kericho County,30,"Agriculture, Education, Governance, Health, Security & Safety"
Busia County,29,"Agriculture, Education, Security & Safety"
Bungoma County,27,"Agriculture, Education, Governance, Health, Security & Safety"
Bomet County,26,"Agriculture, Education, Health, Security & Safety"
Embu County,26,"Agriculture, Education, Governance, Security & Safety"
Isiolo County,25,"Agriculture, Education, Health, Security & Safety"
Health,25,Health
Murang'a County,24,"Agriculture, Education, Health, Security & Safety"
Nakuru,23,"Agriculture, Education, Governance, Health, Security & Safety"
Marsabit County,23,"Agriculture, Education, Governance, Health, Security & Safety"
Kiambu County,22,"Agriculture, Education, Health, Security & Safety"
Kirinyaga County,21,"Agriculture, Education, Health, Security & Safety"
Covid,21,"Agriculture, Health"
Division,21,Health
Kitui County,21,"Agriculture, Education, Health, Security & Safety"
Marakwet County,21,"Agriculture, Education, Security & Safety"
Nakuru County,20,"Agriculture, Education, Governance, Security & Safety"
TVETA,20,Education
COVID,19,"Agriculture, Education, Health"
Vihiga County,19,"Agriculture, Education, Governance, Health, Security & Safety"
Turkana County,19,"Agriculture, Education, Health, Security & Safety"
Nithi County,19,"Agriculture, Education, Governance, Security & Safety"
Kisii County,18,"Agriculture, Education, Governance, Health, Security & Safety"
Trans Nzoia County,18,"Agriculture, Education, Governance, Health, Security & Safety"
Busia,17,"Agriculture, Governance, Health"
IPOA,17,"Education, Security & Safety"
KNCHR,17,"Education, Governance, Security & Safety"
Mpox,17,Health
Asia,17,Agriculture
Kshs,16,Agriculture
Nyandarua County,16,"Agriculture, Education, Governance, Health"
KPSEA,16,Education
USDA,16,Agriculture
Uganda,15,"Agriculture, Education"
Pest Control Products Board,15,Agriculture
Kakamega County,15,"Agriculture, Education, Health, Security & Safety"
Tanzania,14,"Agriculture, Education, Governance, Health"
NCTC,14,"Education, Security & Safety"
AATF,14,Agriculture
Kakamega,13,"Agriculture, Education, Health, Security & Safety"
Migori County,13,"Agriculture, Education, Health, Security & Safety"
Administrative Justice,13,Governance
ECDE,13,Education
KUPPET,13,Education
KMTC,13,Education
Grade,12,"Agriculture, Education"
Criminal Investigations,12,Security & Safety
Kisumu,12,"Education, Governance, Health, Security & Safety"
NGOs,12,"Education, Security & Safety"
Uasin Gishu County,11,"Agriculture, Education, Health"
NGEC,11,Education
Garissa,10,"Agriculture, Health, Security & Safety"
Education,10,Education
KJSEA,10,Education
Training,10,Education
Thika,10,"Education, Governance"
Pacific,10,Agriculture
Lamu,10,"Governance, Security & Safety"
Kiambu,9,"Agriculture, Education, Governance, Health, Security & Safety"
Reproductive Health Unit,9,Health
Technical,9,Education
Vocational Education,9,Education
Junior Secondary School,9,Education
Teachers,9,Education
Bungoma,9,"Agriculture, Education, Health, Security & Safety"
Nyandarua,8,"Agriculture, Education, Governance, Security & Safety"
Somalia,8,"Agriculture, Health, Security & Safety"
Nyamira County,8,"Agriculture, Education, Governance, Security & Safety"
Migori,8,"Education, Health"
Africa,8,"Agriculture, Education, Health, Security & Safety"
NCIC,8,Education
KCPE,8,"Education, Health"
Nyeri,7,"Agriculture, Education, Governance, Health, Security & Safety"
Taita Taveta,7,"Agriculture, Education, Health"
Taveta County,7,"Agriculture, Education"
KNUT,7,Education
Competency,7,Education
Teachers Service Commission,7,Education
Mandera,7,"Education, Governance, Health"
WhatsApp,7,"Education, Governance, Security & Safety"
Kitui,7,"Agriculture, Education, Health"
KNAP,7,Health
County,6,"Agriculture, Education"
Machakos,6,"Agriculture, Governance, Health, Security & Safety"
CEMASTEA,6,Education
TikTok,6,"Education, Security & Safety"
Based Education,6,Education
Technology,6,Education
Ruto,6,"Education, Governance, Health"
CNAP,6,Health
Uasin Gishu,5,Agriculture
Livestock Development,5,Agriculture
Kajiado,5,"Agriculture, Health"
Elgeyo Marakwet,5,"Agriculture, Education, Health"
Rwanda,5,"Agriculture, Governance"
Council,5,"Education, Governance"
Kenyan,5,"Agriculture, Education, Security & Safety"
Kenya Medical Training College,5,Education
Kenyatta University,5,"Education, Health"
KSSSA,5,Education
UNICEF,5,"Education, Health"
USAID,5,Health
Asia Pacific,5,Agriculture
Shabaab,5,Security & Safety
North Rift,5,Security & Safety
Reuters,5,Security & Safety
Raila,5,Governance
Naivasha,4,"Agriculture, Security & Safety"
CGIAR,4,Agriculture
Embu,4,"Agriculture, Education, Governance"
Turkana,4,"Agriculture, Education, Security & Safety"
Marsabit,4,"Agriculture, Education, Security & Safety"
KISE,4,Education
Physics,4,Education
Vihiga,4,"Education, Health"
Wilson Sossion,4,Education
Nandi,4,"Education, Health, Security & Safety"
Kibabii University,4,Education
Kericho,4,"Education, Governance, Health"
Tharaka Nithi,4,"Agriculture, Education, Governance"
Science,4,Education
Kilifi,4,"Education, Health"
Siaya,4,"Education, Health"
Huawei,4,Education
CCTV,4,Education
Ensure,4,Education
Provide,4,Education
EduTV,4,Education
Tiaty,4,"Governance, Health"
SUNCSA,4,Health
MoreMilk,4,Health
Learn,4,"Agriculture, Security & Safety"
CSPM,4,Agriculture
Farm,4,Agriculture
Grow Asia,4,Agriculture
ICIPE,4,Agriculture
US Embassy,4,Security & Safety
PCVE,4,Security & Safety
UNODC,4,Security & Safety
Azimio,4,Governance
MPOX,4,Health
National Cereals,3,Agriculture
Agri,3,Agriculture
Coffee,3,Agriculture
KICC,3,"Agriculture, Education, Governance"
Meru,3,Agriculture
ASAL,3,Agriculture
Tea Act,3,Agriculture
Parliament,3,"Agriculture, Education"
Narok,3,"Agriculture, Governance"
Kirinyaga,3,"Agriculture, Education"
Homa Bay,3,"Agriculture, Education"
Nyakach,3,"Agriculture, Education"
Governors,3,Governance
Quality Assurance,3,Education
Special Education,3,Education
Russia,3,Education
ICS Technical College,3,Education
Kenya Music Festival,3,Education
Arts,3,Education
KEMIS,3,Education
Jomo Kenyatta University,3,Education
UASU,3,Education
JKUAT,3,Education
London,3,"Education, Health"
Lenacapavir,3,"Education, Health"
Kenya News Agency,3,Education
Uchumi House,3,Education
Canada,3,"Education, Governance, Security & Safety"
Chuka University,3,Education
Chebara,3,Education
India,3,"Education, Health"
Kiambu National Polytechnic,3,Education
Vice,3,Education
KSSSA National Games,3,Education
TPAD,3,Education
Murang'a,3,"Agriculture, Education, Security & Safety"
Nyanza,3,"Education, Health, Security & Safety"
Google Play,3,"Education, Security & Safety"
TVETs,3,Education
Malaria,3,Health
Tana River,3,Health
Baringo,3,"Health, Security & Safety"
Ebola,3,Health
IGAD,3,Health
FNRP,3,Health
Spodoptera,3,Agriculture
Kitale Growers Group,3,Agriculture
Climate,3,Agriculture
ACAT,3,Agriculture
Laikipia,3,"Agriculture, Governance"
Facebook,3,Security & Safety
NSSF,3,Security & Safety
Safaricom,3,Security & Safety
Kibera,3,Security & Safety
KEPSSI,3,Security & Safety
NCRC,3,Security & Safety
PRWG,3,Security & Safety
Gen Z,3,Security & Safety
Indonesia,3,Security & Safety
NPSC,3,Governance
Waiguru,3,Governance
Wajir,2,"Agriculture, Health"
Bottom,2,Agriculture
Up Economic Transformation Agenda,2,Agriculture
Isiolo,2,"Agriculture, Education"
Kenya Vision,2,"Agriculture, Education"
KENAFF,2,Agriculture
East,2,Agriculture
Southern Africa,2,Agriculture
NHTS,2,Agriculture
Kitale,2,"Agriculture, Security & Safety"
Youth,2,"Agriculture, Security & Safety"
KShs,2,Agriculture
Saccos,2,Agriculture
Hass,2,Agriculture
West Pokot,2,Agriculture
ISFAA,2,Agriculture
Produce Board,2,Agriculture
Bomet,2,"Agriculture, Education"
Conduct,2,Agriculture
Netherlands,2,"Agriculture, Security & Safety"
Waithera,2,Agriculture
Response,2,Health
Political Parties,2,Governance
Office,2,Governance
Commission,2,"Education, Governance"
Standards Officers,2,Education
QASOs,2,Education
Kisii University,2,Education
Gretsa University,2,Education
University,2,Education
World Bank,2,Education
Karen Comprehensive School,2,Education
Junior Secondary Schools,2,Education
Kapenguria Boys High School,2,Education
Mtongwe,2,Education
Kisauni Technical Colleges,2,Education
Kakamega Huduma Centre,2,Education
KASNEB,2,Education
PCEA Mama Ngina Primary School,2,Education
ACK St. Luke's Wote Township,2,Education
Emuhaya Constituency,2,Education
Emmabwi Senior School,2,Education
Mioro Senior Day School,2,Education
Fund,2,Education
Muruguru Junior Secondary School,2,Education
KESSHA,2,Education
Murang'a East Sub,2,Education
Boniface Mwangi,2,"Education, Security & Safety"
Albert Ojwang,2,"Education, Security & Safety"
African,2,"Agriculture, Education"
Eldoret,2,"Education, Governance"
Sports Science,2,Education
Eugene Wamalwa,2,"Education, Governance"
NYOTA Project,2,Education
Technical University,2,Education
Pesa,2,Education
Moi University,2,Education
Ronald Ngala Utalii College,2,Education
Bondo,2,Education
Governors Park,2,Education
Shenzhen,2,Education
China,2,Education
Muhoroni,2,Education
Counties,2,"Education, Security & Safety"
Ndumberi Primary School,2,Education
CBET,2,Education
Based Curriculum,2,Education
Engineering,2,Education
Mathematics,2,Education
Technology Primary School,2,Education
Egerton University,2,Education
Tenwek High School,2,Education
Nyabisase Secondary School,2,Education
KUCCPS Student Portal,2,Education
Kenya National Union,2,Education
KSSSA National Term Two Games,2,Education
Pesa Academy,2,Education
Butere Technical Training Institute,2,Education
Vice Chancellor,2,Education
School,2,Education
Phase II,2,Education
Collective Bargaining Agreement,2,Education
Form Three,2,Education
Michael Murigi,2,Education
Social Sciences,2,Education
Germany,2,Education
Ziwani,2,"Education, Security & Safety"
Kenyatta International Convention Centre,2,"Education, Governance"
Meru National Polytechnic,2,Education
PCEA Mai,2,Education
Ihii Booth Boys High School,2,Education
Highway Secondary School,2,Education
UNESCO,2,Education
Radio Taifa,2,Education
Cyberbullying,2,Education
KTTC,2,Education
Elimu Scholarship,2,Education
YouTube,2,Education
Include,2,Education
United Kingdom,2,"Education, Security & Safety"
KILEA,2,Education
KICD YouTube,2,Education
Report,2,"Education, Security & Safety"
Join,2,"Education, Security & Safety"
UNHCR,2,Education
Kenya Education Cloud,2,Education
Monkeypox,2,Health
Rubella,2,Health
Cuba,2,Health
Omicron,2,Health
Mombasa Covid,2,Health
Eastleigh,2,"Health, Security & Safety"
Kawangware,2,Health
Argesun,2,Health
Trans Nzoia,2,Health
Zika,2,Health
Mt. Kenya,2,Health
KEBS,2,Health
Makueni,2,Health
Java,2,Health
Blue,2,Health
MaziwaPlus,2,Health
Naoros,2,Health
STEPS,2,Health
Hillary Wakhungu,2,Agriculture
Juneweenex,2,Agriculture
J E Smith,2,Agriculture
African Agricultural Technology Foundation,2,Agriculture
This,2,Agriculture
Guatemala,2,Agriculture
Sweden,2,Agriculture
AkoFresh,2,Agriculture
Welter,2,Agriculture
IFAD's,2,Agriculture
Canisius Kanangire Kenya's Agriculture,2,Agriculture
Linturi,2,Agriculture
SDGs,2,Agriculture
SUSOK,2,Agriculture
Colombia,2,Agriculture
AGRICULTURE,2,Agriculture
UNDFF,2,Agriculture
Government,2,Agriculture
SMEA,2,Agriculture
Implement,2,Agriculture
Kenya's KEVEVAPI,2,Agriculture
Latin America,2,Agriculture
Digital Technologies,2,Agriculture
TFPG,2,Agriculture
Kenya. Kenya,2,Agriculture
ILRI,2,Agriculture
SEEDS,2,Agriculture
Guimba,2,Agriculture
SFSA,2,Agriculture
Tanager,2,Agriculture
ACDI,2,Agriculture
International Alliance,2,Agriculture
MICCA,2,Agriculture
Sahel,2,Agriculture
New York,2,Agriculture
Desmodium,2,Agriculture
Pennisetum,2,Agriculture
Nobel Memorial Prize,2,Agriculture
Transform,2,Agriculture
Discover,2,Agriculture
Middle East,2,Agriculture
Enable,2,Security & Safety
Google Play Store,2,Security & Safety
Apple App Store,2,Security & Safety
Gmail,2,Security & Safety
JKIA,2,"Governance, Security & Safety"
Narumoru,2,Security & Safety
IMLU,2,Security & Safety
Mwala,2,Security & Safety
Ruai,2,Security & Safety
U.S. Embassy,2,Security & Safety
The Guardian,2,Security & Safety
Missing Voices,2,Security & Safety
ATPU,2,Security & Safety
NSCVE,2,Security & Safety
KLIF,2,Security & Safety
NACCSC,2,Security & Safety
Malindi,2,Security & Safety
KeNHA,2,Governance
The Head,2,Governance
State,2,Governance
Tanzanians,2,Governance
Kenyans,2,Governance
Mugambi Kiai,2,Governance
Angata Barikkoi,2,Governance
Tanzanian,2,Governance
Citizen Portal Link,2,Governance
Nguu,2,Governance
Duale,2,Governance
Mosiria,2,Governance
Kenyatta,2,"Governance, Health"
More,2,"Agriculture, Health"
Homa,2,Health
Farmers,1,Agriculture
Livestock Investment Drive,1,Agriculture
President Ruto,1,Agriculture
Bulla Cadey Irrigation Scheme,1,Agriculture
BETA,1,Agriculture
World Bank Group,1,Agriculture
Dr. Kipronoh Ronoh,1,Agriculture
NCPB GPC Depot,1,Agriculture
TEJATI,1,Agriculture
Caritas Nairobi,1,Agriculture
KIAMIS,1,Agriculture
Denmark,1,Agriculture
CS Dr. Andrew Karanja,1,Agriculture
AMCHAM Kenya,1,Agriculture
Medium Term Plan,1,Agriculture
MTP IV,1,Agriculture
Preneurs Extension Model,1,Agriculture
Hungary,1,Agriculture
Kahawa,1,Agriculture
Mama,1,Agriculture
Avenews,1,Agriculture
SMEs,1,Agriculture
Mukurwe,1,Agriculture
Agribusiness,1,Agriculture
Inclusive Agribusiness Club,1,Agriculture
AYuTe Africa Challenge Kenya,1,Agriculture
Eco Bristo,1,Agriculture
Agritech Analytics,1,Agriculture
Granot International Company,1,Agriculture
Ndabibi,1,Agriculture
Faulu Bank,1,Agriculture
USAID's KCDMS,1,Agriculture
FarmTrek,1,Agriculture
JFFLS,1,Agriculture
GAIN,1,Agriculture
KCB Foundation,1,Agriculture
USAID's Kenya Investment Mechanism,1,Agriculture
Vital Capital,1,Agriculture
Ndaro,1,Agriculture
ABDP,1,Agriculture
Ololulung'a,1,Agriculture
Business Capital Fund,1,Agriculture
AAVF,1,Agriculture
Uganda Cashewnut,1,Agriculture
Trees Limited,1,Agriculture
Kakuma,1,Agriculture
Lodwar,1,Agriculture
Lokichar,1,Agriculture
Lokiriama,1,Agriculture
Digifarm,1,Agriculture
Kenya Livestock Producers Association,1,Agriculture
Aliciana Barley,1,Agriculture
Therapeutic Foods Limited,1,Agriculture
South Sudan,1,Agriculture
Robert Macharia,1,Agriculture
MARKUP,1,Agriculture
AKMT,1,Agriculture
Njabini,1,Agriculture
Kinangop,1,Agriculture
Nyandarua County Youth Empowerment Programme,1,Agriculture
Food Systems Investment Plan,1,Agriculture
NASIP,1,Agriculture
KNCCI,1,Agriculture
Yatta Sub,1,Agriculture
ANITRAC,1,Agriculture
HPMA,1,Agriculture
Ecological Organic Agriculture,1,Agriculture
Dodoma,1,Agriculture
Agripreneur Extension Program,1,Agriculture
Arusha,1,Agriculture
Kilimanjaro,1,Agriculture
Manyara,1,Agriculture
Tanga,1,Agriculture
Marga Farmers' Cooperative Society,1,Agriculture
CMA Coffee Exchange,1,Agriculture
Fees,1,Agriculture
Regulations,1,Agriculture
Malaba,1,Agriculture
Namanga,1,Agriculture
Ethiopia,1,Agriculture
Tanzania Food Systems Resilience Program,1,Agriculture
China Agricultural University,1,Agriculture
Galana,1,Agriculture
TOSCI,1,Agriculture
PCCB,1,Agriculture
Rift Valley,1,Agriculture
South Korea,1,Agriculture
ANTITRAC,1,Agriculture
Robusta,1,Agriculture
Kiboko,1,Agriculture
Arabica,1,Agriculture
Irish,1,Agriculture
Irish Potato Regulations,1,Agriculture
Seasonal Workers Scheme,1,Agriculture
Kenya School,1,Agriculture
Conference,1,Agriculture
Phyto,1,Agriculture
Food Systems Financing Summit,1,Agriculture
FINAS,1,Agriculture
Year CAADP Strategy,1,Agriculture
Action Plan,1,Agriculture
Capital Markets Coffee Exchange Regulations,1,Agriculture
HoCEA,1,Agriculture
KEPROBA,1,Agriculture
New Kenya Co,1,Agriculture
Creameries Limited,1,Agriculture
Ndemo Nyachae,1,Agriculture
Dr. Rawlynce Bett,1,Agriculture
Naisula Keko,1,Agriculture
Sarah Keino,1,Agriculture
GROW,1,Agriculture
Dr. Andrew Mwihia Karanja,1,Agriculture
Zambia,1,Agriculture
ASARECA Council,1,Agriculture
Safari Park Hotel,1,Agriculture
New KCC,1,Agriculture
Israel,1,Agriculture
Tea Research Foundation,1,Agriculture
Mwache Dam,1,Agriculture
Kwale,1,Agriculture
KNTC,1,Agriculture
Agrovet,1,Agriculture
Mpesa,1,Agriculture
Kenya Leather Development Policy,1,Agriculture
Electronic Certification System,1,Agriculture
Blue Economy,1,Agriculture
Capital Markets Authority,1,Agriculture
ENABLE Kenya,1,Agriculture
CS Munya,1,Agriculture
Sacco Societies,1,Agriculture
Deposit Taking Business,1,Agriculture
Coffee Cherry Advance Fund,1,Agriculture
Mombasa Auction,1,Agriculture
New KPCU,1,Agriculture
Warehouse Receipt System,1,Agriculture
Urum,1,Agriculture
African Continental Free Trade Area,1,Agriculture
AfCFTA,1,Agriculture
Forum,1,Agriculture
Agrobiodiversity,1,Agriculture
Agroecology,1,Agriculture
Agwata,1,Agriculture
Busia County Department,1,Agriculture
Tea Industry,1,Agriculture
Kenya Tea Development Authority,1,Agriculture
Konyu,1,Agriculture
Karima,1,Agriculture
Akobo,1,Agriculture
Ayod,1,Agriculture
Kano Plains,1,Agriculture
Kenya Tea Development Agency,1,Agriculture
Billion Cherry Advance Revolving Fund,1,Agriculture
Hand,1,Agriculture
Kakong'u,1,Agriculture
MAAIF,1,Agriculture
Sectoral Food Security,1,Agriculture
Fuerte,1,Agriculture
National Potato Council,1,Agriculture
NPCK,1,Agriculture
Ethical,1,Agriculture
Code,1,Agriculture
Dr. Emma Naluyima,1,Agriculture
Baba Dioum,1,Agriculture
AGRF,1,Agriculture
Accra,1,Agriculture
Ghana,1,Agriculture
Muranga County,1,Agriculture
Muranga County Creameries,1,Agriculture
ACDP,1,Agriculture
Draft MSME Policy,1,Agriculture
MSE Amendment Bill,1,Agriculture
Chege Kirundi,1,Agriculture
National Livestock Resources Research Institute,1,Agriculture
Agoro East Aggregated Farm,1,Agriculture
Atlas,1,Agriculture
PCPB,1,Agriculture
GROW's Stewardship Mashinani,1,Agriculture
UNIDO,1,Agriculture
Public,1,Health
Judiciary,1,Governance
Moi Teachers Training College,1,Education
Learning,1,Education
KPEEL,1,Education
Kenya Secondary Education Equity,1,Education
Quality Improvement Programme,1,Education
SEEQIP,1,Education
Nyandarua Sub,1,Education
New Mitihani House,1,Education
Kimana Girls,1,Education
Kenya Coast National Polytechnic,1,Education
Umma University,1,Education
Dr. Abdulrahman Al,1,Education
Australia,1,Education
Kabete National Polytechnic,1,Education
Bomet University College,1,Education
Nyamira University College,1,Education
Vocational Education Training,1,Education
Consolata International University,1,Education
Sustainable Development Goal,1,Education
SEQIP,1,Education
FEASSA Games,1,Education
FEASSA Championship,1,Education
Traffic,1,Education
Amendment,1,Education
Limbine Primary,1,Education
Safaricom Foundation,1,Education
Karen,1,Education
Wanafunzi,1,Education
KEMRI Kisumu,1,Education
Public Primary School,1,Education
Post Primary Education Teachers,1,Education
Mama Teresia,1,Education
Emmabwi,1,Education
Elununi,1,Education
Tujiajiri Skills Mitaani,1,Education
Kilgoris,1,Education
Kapenguria Constituency,1,Education
NGCDF,1,Education
Auki Primary School,1,Education
PWDs,1,Education
Rehema House,1,Education
NGAO,1,Education
Path,1,Education
Lelmokwo Primary School,1,Education
GPCIS,1,Education
Kenya Digital Economy Acceleration Project,1,Education
KDEAP,1,Education
Maryhill High School,1,Education
Kimana Girls School,1,Education
Cambodia,1,Education
Utumishi Girls Academy Senior School,1,Education
Alice Rianga,1,Education
JOOUST,1,Education
QS World University Rankings,1,Education
Saharan Africa,1,Education
Jersey Island,1,Education
Diaspora Placement Agency,1,Education
Kajwang,1,Education
Cherargei,1,Education
Mwaruma,1,Education
CPAC,1,Education
Nova Pioneer,1,Education
Super Metro,1,Education
Civic Email,1,Education
Students,1,Education
KUCCPS Students' Portal,1,Education
Animet Ltd,1,Education
Uniform Distributors,1,Education
School Outfitters,1,Education
TukoKadi,1,Education
MP Charles Ong'ondo Were,1,Education
For You,1,Education
Smart Keyword Filters,1,Education
Moi Barracks,1,Education
Bachelor,1,Education
Education Technology,1,Education
Senior Schools,1,Education
Extra,1,Education
KNEC KJSEA,1,Education
Haiti,1,Education
Mutahi Kahiga,1,Education
Vice Chair,1,Education
Odinga,1,Education
SHA Call Center,1,Education
State House,1,Education
Gate D,1,Education
Gusii,1,Education
Gusii Stadium,1,Education
Fred Matiang'i,1,Education
Betty Bayo,1,Education
Diamond Platnumz,1,Education
Warner Music Group,1,Education
Expressions,1,Education
Interest,1,Education
EOIs,1,Education
Lee Funeral Home,1,Education
Litein Boys High School,1,Education
Deputy Vice Chancellor,1,Education
Academic Affairs,1,Education
France Excellence Eiffel Scholarship,1,Education
Campus France,1,Education
Kylian Mbappe,1,Education
Arsenal,1,Education
Champions League,1,Education
PayPal,1,Education
PayPal Mobile Money,1,Education
NCBA Bank,1,Education
CarDuka,1,Education
Kenya Airways,1,Education
Boeing,1,Education
Caroline Ndonga,1,Education
Mike Sonko,1,Education
GLISPA UK,1,Education
Summit,1,Education
DAAD International Postgraduate Scholarship,1,Education
Master's,1,Education
MPhil,1,Education
DAAD,1,Education
Minet,1,Education
Gatundu South,1,Education
Chelsea,1,Education
Premier League,1,Education
Manchester United,1,Education
Public Service Vehicles,1,Education
PSVs,1,Education
Samidoh,1,Education
Idd Aziz,1,Education
Coachella,1,Education
Burning Man,1,Education
Iran,1,Education
Nakuru Girls High School,1,Education
TECNO,1,Education
SPARK,1,Education
Series,1,Education
Public Service Board,1,Education
Nancy Macharia,1,Education
Post,1,Education
Primary Education Teachers,1,Education
Pumwani,1,Education
Jackson Kuria Kihara,1,Education
Cop Shakur,1,Education
Fighting Brutality,1,Education
Impunity,1,Education
Hustler Fund,1,Education
Mohamed Salah,1,Education
Virgil,1,Education
Dijk,1,Education
Liverpool,1,Education
Eveleen Mitei,1,Education
Rosslyn Academy,1,Education
Nyambura Kimani,1,Education
KEWOTA,1,Education
Absa,1,Education
Kamene Goro,1,Education
Kenya Primary School Education Assessment,1,Education
Kenya Certificate,1,Education
Secondary Education,1,Education
Boxing Day,1,Education
Sebi Obonyo,1,Education
Nyakbong,1,Education
Philip Aroko,1,Education
MP Charles Ong'ondo Were. Aroko,1,Education
FichuaKwaDCI,1,Education
Ahmed Maalim Hassan,1,Education
Member,1,Education
Banissa Constituency,1,Education
Leonard,1,Education
Wamuthende,1,Education
Mbeere North,1,Education
General Election,1,Education
Standard Group,1,Education
Sot Technical Training Institute,1,Education
Bomet East Sub,1,Education
Finlay Community Trust,1,Education
MSEA,1,Education
Kapsowar Ward,1,Education
PPPT,1,Education
Media Council,1,Education
Inua Masomo,1,Education
Isebania,1,Education
Kuria West Sub County,1,Education
St. John Kanunga Senior School,1,Education
Nandi Kaburwo Council,1,Education
Elders,1,Education
Chuka Igambang'ombe Cultural Festival,1,Education
Kaanwa Chief's Camp,1,Education
Primary School,1,Education
Tharaka Cultural Festival,1,Education
Nkondi,1,Education
Chuka Cultural Festival,1,Education
Mama Teresia Nyaboke Omoke,1,Education
Mavueni,1,Education
Kilifi North Sub,1,Education
Information,1,Education
Uasin Gishu Finland,1,Education
Anti,1,Education
Oloolaiser High School,1,Education
Tinderet Sub,1,Education
Electrical,1,Education
Chebara Vocational Training Centre,1,Education
Tala Township Primary School,1,Education
Mung'ala Secondary School,1,Education
Curriculum Based Education,1,Education
Machakos University,1,Education
Smart TVET,1,Education
Artificial Intelligence,1,Education
Machakos Girls High School,1,Education
Nyakach Sub,1,Education
Emuhaya,1,Education
Kinoo Ward,1,Education
Schools Term Two Games,1,Education
William Ole Ntimama Stadium,1,Education
Skills Mitaani,1,Education
Form Four,1,Education
Kamutune,1,Education
Integrated Sciences,1,Education
SMASSE,1,Education
Bandari Maritime Academy,1,Education
Alliance,1,Education
Bogesaka D.O.K. Primary,1,Education
Marakwet West,1,Education
Uzima University,1,Education
Interdisciplinary International Conference,1,Education
Murang'a East,1,Education
Kenya Medical Practitioners,1,Education
Dentists Council,1,Education
Dr. Tabitha Awuor Amollo,1,Education
OWSD,1,Education
Elsevier Foundation Award,1,Education
Mitua Girls Senior School,1,Education
Student Council,1,Education
Term Two,1,Education
Kakamega School Green Commandos,1,Education
PESA Academy,1,Education
Cockroach,1,Education
Maslow's Hierarchy,1,Education
Needs,1,Education
Curriculum,1,Education
National Biosafety Authority,1,Education
Operation Watoto Wafike Salama,1,Education
Gatoto Comprehensive School,1,Education
Mukuru,1,Education
Oldonyiro Ward,1,Education
Homa Bay Town,1,Education
TramutoPorter Foundation,1,Education
Lwala Community Hospital,1,Education
Prof. Ipara,1,Education
Prof. Makhanu Sibilikhe,1,Education
University Senate Boardroom,1,Education
Chepchoina,1,Education
Njoro,1,Education
Titimet,1,Education
Keumbu,1,Education
Equity Group Holdings,1,Education
AMREF International University,1,Education
Sook,1,Education
Mara Sugar FC,1,Education
Silibwet Stadium,1,Education
North Eastern,1,Education
Curriculum Support Officers,1,Education
CSOs,1,Education
Support,1,Education
Tertiary Education Funding Authority,1,Education
TEFA,1,Education
Tengecha Girls' High School,1,Education
Iten,1,Education
Ngundu Primary School,1,Education
Itigo Girls High School,1,Education
East Africa School Games,1,Education
Rongo University,1,Education
Sharon Otieno,1,Education
Jukwaa,1,Education
Nyamache,1,Education
Mace Bearer,1,Education
Totum Comprehensive School,1,Education
National Championships,1,Education
Rift Valley JSS Girls' Football,1,Education
Championship,1,Education
St. Mary's Nai Boys Boarding,1,Education
Gilbert Mwavali,1,Education
Musingu High School,1,Education
Lugulu Comprehensive School,1,Education
Lugulu Girls National School,1,Education
Kenya National Schools Chess Championships,1,Education
Bukura Agricultural College,1,Education
Richard Gikuhe Mbugua,1,Education
Edgar Mokua,1,Education
Masinde Muliro Senior School,1,Education
Tabitha Githaiga,1,Education
Orero Boys Senior School,1,Education
France,1,Education
Mwea Technical,1,Education
Vocational College,1,Education
Referral Hospital,1,Education
VTRH,1,Education
Vision,1,Education
Victoria Muoka,1,Education
Central Regional Director,1,Education
John Nzuvu,1,Education
Western Region,1,Education
Regional Director,1,Education
Antonina Lentoijoni,1,Education
National Assembly,1,Education
Kibingei Girls High School,1,Education
AGC Tenwek Hospital,1,Education
Certificate,1,Education
KICOWU,1,Education
Tinderet Technical,1,Education
Vocational Training College,1,Education
TUM Graduation Square,1,Education
Kivaywa Boys High School,1,Education
TVET CDACC,1,Education
KCB Group National Term Two,1,Education
Games,1,Education
Dr. John Wycliffe Odhiambo Okumu,1,Education
Kisumu National Polytechnic,1,Education
Catherine Kelonye,1,Education
Kabaa High School,1,Education
Elgeyo Marakwet County,1,Education
National Trustee,1,Education
Homecare International,1,Education
National Chess Championships,1,Education
Alliance Boys,1,Education
PESA Foundation Academy,1,Education
Naikarra Comprehensive School,1,Education
National Kenya Music Festival,1,Education
Kabarak University,1,Education
Enkare Ngiro Secondary School,1,Education
Kababii University,1,Education
Giriama Dance,1,Education
Rift Valley Regional Festival,1,Education
Ololtuaa,1,Education
Gatoto School,1,Education
Germany Labour Mobility Programme,1,Education
Angata Barrikoi,1,Education
Mwendwa Kilatya,1,Education
Africa Nazarene University,1,Education
Amus College,1,Education
FEASSSA Games,1,Education
Morogoro,1,Education
Simeon Ongaga,1,Education
Nyanza Region Referees' Instructor,1,Education
VC Prof. Isaac Ipara,1,Education
Nyakach Constituency,1,Education
AIC Naki,1,Education
Ragen AIC,1,Education
Pawtenge,1,Education
Olembo Boys,1,Education
Rakwaro Mixed,1,Education
St George's Special School,1,Education
Mung'ala Senior School,1,Education
German,1,Education
Kisumu Senator's Office,1,Education
KUPPET Central Region Sports Tournament,1,Education
Luhya,1,Education
MMUST,1,Education
Matuu,1,Education
Matungulu Sub,1,Education
Gerald Orina,1,Education
Riokindo National High School,1,Education
General Elections,1,Education
Public Service Superannuation Fund,1,Education
PSSF,1,Education
PSSF Member Self,1,Education
Service Portal,1,Education
Mobile App,1,Education
Maureen Makena,1,Education
KUPPET Central Region Trustee,1,Education
Teso,1,Education
NITA,1,Education
Kenya Germany Labour Mobility Programme,1,Education
Early Childhood Development,1,Education
Mr. Simon Ongaga,1,Education
St. Joseph Nyabigena High School,1,Education
Nyanza Region Referees Instructor,1,Education
Kaimosi Friends National Polytechnic,1,Education
King David Junior School,1,Education
Variable Scholarship,1,Education
Loan Funding,1,Education
VSLF,1,Education
Parklands Baptist School,1,Education
Nasokol Primary School,1,Education
Mbita National School,1,Education
Masinde Muliro University,1,Education
Summer School,1,Education
Kakamega School,1,Education
Transmara West,1,Education
Transmara West Teachers' Sports Tournament,1,Education
Kilgoris Boys Playing Ground,1,Education
Thika High School,1,Education
Kakuyuni,1,Education
STEM Bootcamp,1,Education
Siyoi Comprehensive School,1,Education
Faculty,1,Education
Benedictor Ntinyari,1,Education
Kinoru Youth Resource Centre,1,Education
Kinoru Primary School,1,Education
Kinoru,1,Education
Kenya Education Management Information System,1,Education
Forgot Email,1,Education
Nyamira University,1,Education
Chancellor,1,Education
Prof. Isaac Ipara Odeo,1,Education
Oinepu Philemon Saruni,1,Education
MPESA Academy,1,Education
Salaries,1,Education
Remuneration Commission,1,Education
Dickson Muganda,1,Education
Butere Girls High School,1,Education
Kenya Secondary Schools Sports Association,1,Education
Schools,1,Education
MPesa Academy,1,Education
FIFA World Cup,1,Education
Institutions,1,Education
Butere Girls,1,Education
Wiyeta Secondary,1,Education
Kenya Junior School Education Assessment,1,Education
Mokwo Girls Secondary School,1,Education
Public Service,1,Education
Mwala Sub,1,Education
KCA University,1,Education
Ruaraka,1,Education
Arya,1,Education
MM Shah,1,Education
Lake Primary Schools,1,Education
Kisumu Central,1,Education
Oruba Boys High School,1,Education
Higher Education Financing,1,Education
Malava Boys High School,1,Education
Chesamisi Boys,1,Education
Kisumu Boys,1,Education
St. Mary's Yala,1,Education
Laikipia University,1,Education
Kimani Njoroge,1,Education
Yvonne Wanjiru,1,Education
St Charles Lwanga High School,1,Education
Kandara Police Station,1,Education
Amagoro Comprehensive School,1,Education
Kikuyu,1,Education
Senior School,1,Education
Based Assessments,1,Education
Anne Adhiambo,1,Education
Tenwek Boys,1,Education
Kakamega High School,1,Education
Competency Based Education,1,Education
St. Paul's Gekano Boys School,1,Education
Green Commandos,1,Education
Public Service Superannuation Scheme,1,Education
PSSS,1,Education
PSSS Member Portal,1,Education
Victor Makanda,1,Education
Kenya Secondary School Heads Association,1,Education
Judith Akoth,1,Education
ABRA,1,Education
Citizen TV,1,Education
Royal Media Services,1,Education
Form,1,Education
Demand,1,Education
Kenya Technical Trainers College,1,Education
In Kenya,1,Education
KNEC CBA,1,Education
Kinuthia,1,Education
Comply,1,Education
Protect,1,Education
Features,1,Education
Grammarly,1,Education
Nyandarua Institute,1,Education
South Eastern Kenya University,1,Education
HELB TVET,1,Education
Kenya Kwanza,1,Education
Kenya National Archives,1,Education
Documentation Service,1,Education
JKUA,1,Education
Kanu Hostel,1,Education
MG Hostel,1,Education
Kenya Water Institute,1,Education
Kitale National Polytechnic,1,Education
KPLEA,1,Education
KYPA,1,Education
KUSU,1,Education
Mekaela,1,Education
PTAs,1,Education
Supply,1,Education
Tecla Loroupe Foundation,1,Education
Recover,1,Education
Rift Valley Technical Training Institute,1,Education
Sigalagala National Polytechnic,1,Education
Instagram,1,Education
UHURU KENYATTA,1,Education
C.G.H,1,Education
Starehe Boys Centre,1,Education
Starehe Boys,1,Education
Alliance Girls,1,Education
Huawei Kenya,1,Education
KNLS,1,Education
Cisco,1,Education
National Super Alliance,1,Education
NASA,1,Education
PSAs,1,Education
Train,1,Education
Eldoret National Polytechnic,1,Education
Kiambu Industrial Park,1,Education
Anopheles Stephensi,1,Health
Measles,1,Health
Barasa,1,Health
Magoha,1,Health
Ksh.,1,Health
Data,1,Health
Kenya Red Cross Society,1,Health
Global Fund,1,Health
Marburg,1,Health
Sudan,1,Health
Cancer,1,Health
Vitamin,1,Health
Blue Band,1,Health
NICHE,1,Health
More News. Latest Updates. UK,1,Agriculture
CGIAR News. Exploring,1,Agriculture
East Africa. Crop Protection,1,Agriculture
Story,1,Agriculture
Keeping,1,Agriculture
ASDSP II,1,Agriculture
Livestock Development Cabinet Secretary Mithika,1,Agriculture
Z. R. Khan,1,Agriculture
C. A. O,1,Agriculture
Effective,1,Agriculture
Kayonza,1,Agriculture
Kenya Post Office Savings Bank,1,Agriculture
Kenya Agricultural,1,Agriculture
CGIAR Centre,1,Agriculture
ICIPE. PlantwisePlus Knowledge BankVideo Factsheet,1,Agriculture
Blog,1,Agriculture
Washington D.C,1,Agriculture
Simone Sala. Image Download. Profile,1,Agriculture
VOCA,1,Agriculture
Smart Agriculture,1,Agriculture
IACSA,1,Agriculture
Hague Conference,1,Agriculture
United Republic,1,Agriculture
Northeast,1,Agriculture
Prof. Michael Kremer,1,Agriculture
Setembro,1,Agriculture
World Trade Organization,1,Agriculture
MPESA,1,Security & Safety
World Food Programme,1,Security & Safety
PayBill,1,Security & Safety
Emirates,1,Security & Safety
WiFi,1,Security & Safety
Confirm,1,Security & Safety
Qatar,1,Security & Safety
Changa,1,Security & Safety
Red Cross Kenya,1,Security & Safety
Beware,1,Security & Safety
SafePass,1,Security & Safety
Jamhuri,1,Security & Safety
Bluetooth,1,Security & Safety
OTPs,1,Security & Safety
DCI Cybercrime Unit,1,Security & Safety
Heimlich,1,Security & Safety
Ambulance,1,Security & Safety
Verify,1,Security & Safety
KPLC,1,Security & Safety
ATMs,1,Security & Safety
Francis Gaitho,1,Security & Safety
UNDP,1,Security & Safety
Suna West,1,Security & Safety
KIPPRA,1,Security & Safety
Elementaita,1,Security & Safety
Likoni,1,Security & Safety
Judy Jebet,1,Security & Safety
Nane Nane,1,Security & Safety
Yatta,1,Security & Safety
Kasagam,1,Security & Safety
Kenya Methodist University,1,Security & Safety
IJRISS,1,Security & Safety
GenZ,1,Security & Safety
Safari Rally,1,Security & Safety
Cyclone Hidaya,1,Security & Safety
Human Rights Watch,1,Security & Safety
Mwangi,1,Security & Safety
Washington Post,1,Security & Safety
Saba Saba Day,1,Security & Safety
Al Jazeera,1,Security & Safety
WSWS,1,Security & Safety
Saba Saba,1,Security & Safety
Media,1,Security & Safety
Katiba Institute,1,Security & Safety
JLTM NGO,1,Security & Safety
Law Society,1,Security & Safety
Civil,1,Security & Safety
Jasiri Fund,1,Security & Safety
Jasiri Observatory,1,Security & Safety
Japan,1,Security & Safety
Jasiri,1,Security & Safety
Mapenya,1,Security & Safety
Mkunumbi,1,Security & Safety
East Africa,1,Security & Safety
United Nations,1,Security & Safety
Al Shabaab,1,Security & Safety
Westgate,1,Security & Safety
Dusit,1,Security & Safety
NIWETU,1,Security & Safety
PREVENT,1,Security & Safety
FATF,1,Security & Safety
Transparency International Kenya,1,Security & Safety
Kainuk,1,Security & Safety
Kenya Integrity Plan,1,Security & Safety
Sakaja,1,Governance
Machogu,1,Governance
CHARLES MGHENYI Coast,1,Governance
Ethekon,1,Governance
Murkomen,1,Governance
Simon Ingari,1,Governance
TUKO,1,Governance
Thiba Dam,1,Governance
Mr Nyabuga,1,Governance
ARTICLE,1,Governance
IIEC,1,Governance
Trans Mara,1,Governance
ElectionAccess.org,1,Governance
IFES,1,Governance
GNDEM,1,Governance
I Watch,1,Governance
Water Resources Authority,1,Governance
Pius Mwendwa,1,Governance
Sang,1,Governance
Norway,1,Governance
CCF Kenya,1,Governance
Burundi,1,Governance
Anne Nderitu,1,Governance
Winnie Wambua,1,Governance
Evans Misati,1,Governance
Harley Mutisya,1,Governance
ICDN,1,Governance
Rwanda Philip Githiora,1,Governance
Mariru,1,Governance
Kiptogot Kolongolo,1,Governance
Mkongani,1,Governance
Wundanyi,1,Governance
Samburu,1,Governance
Lungalunga,1,Governance
Habaswein,1,Governance
Mwanaisha Chidzuga,1,Governance
Mwaura,1,Governance
Aisha Jumwa,1,Governance
Kevin Osido,1,Governance
Geoffrey Ruku,1,Governance
Francis Awino,1,Governance
Nyamira,1,Governance
Julius Bitok,1,Governance
KRA's,1,Governance
Gachagua,1,Governance
Uyombo,1,Governance
Nyahururu,1,Governance
Gatundu,1,Governance
Mbarak,1,Governance
CBROP,1,Governance
Butula,1,Governance
George Natembeya,1,Governance
Cleophas Malala,1,Governance
Abdullahi,1,Governance
NCCK,1,Governance
Panyako,1,Governance
Kalonzo Musyoka,1,Governance
Wetangula,1,Governance
NADCO,1,Governance
KEMNAC,1,Governance
Mungatana,1,Governance
Murugara,1,Governance
Raila Odinga,1,Governance
Exploring,1,Agriculture
IBAD,1,Agriculture
Pod Borer Provenant,1,Agriculture
Cowpe,1,Agriculture
ASDSP,1,Agriculture
Growers Group,1,Agriculture
Nakuru Kenya,1,Agriculture
Sustainable Solutions Kenya,1,Agriculture
Cooperative,1,Agriculture
Kenya Post Office Savings,1,Agriculture
Video Factsheet,1,Agriculture
Bovine Pleuropneumonia,1,Agriculture
Ekerenga,1,Agriculture
Republic,1,Agriculture
PPRC,1,Agriculture
PRAPS,1,Agriculture
Pacific. Setembro,1,Agriculture
Corona,1,Health
Ekeombe,1,Health
Trump,1,Health
Kagwe,1,Health
Red Cross Society,1,Health
Koru,1,Health
America,1,Health
Global,1,Health
Nigo,1,Health
Ogotara,1,Health
GAIN Mombasa,1,Health
UNSDCF,1,Health
Gertrudes,1,Health
Misolsi,1,Health
Vitamin A,1,Health
